customer_id,age,gender,city,repeat_customer,loyalty_member,registration_date,age_group
CUST00001,59,Male,Hyderabad,No,No,2023-03-16,51-65
CUST00002,32,Male,Bangalore,Yes,No,2023-03-01,26-35
CUST00003,27,Male,Hyderabad,No,Yes,2023-04-08,26-35
CUST00004,34,Female,Chennai,Yes,No,2023-04-27,26-35
CUST00005,58,Female,Bangalore,No,No,2023-02-11,51-65
CUST00006,79,Female,Hyderabad,Yes,Yes,2023-04-01,65+
CUST00007,77,Male,Chennai,No,Yes,2023-06-21,65+
CUST00008,39,Female,Hyderabad,Yes,Yes,2023-06-29,36-50
CUST00009,37,Male,Bangalore,Yes,Yes,2023-06-05,36-50
CUST00010,25,Male,Hyderabad,Yes,Yes,2023-05-17,18-25
CUST00011,62,Male,Hyderabad,No,No,2023-02-11,51-65
CUST00012,54,Female,Hyderabad,No,Yes,2023-04-08,51-65
CUST00013,37,Female,Bangalore,Yes,Yes,2023-06-13,36-50
CUST00014,65,Male,Hyderabad,Yes,No,2023-06-25,51-65
CUST00015,46,Female,Hyderabad,Yes,No,2023-01-15,36-50
CUST00016,71,Male,Chennai,Yes,No,2023-01-09,65+
CUST00017,53,Female,Bangalore,Yes,No,2023-04-13,51-65
CUST00018,37,Female,Bangalore,Yes,Yes,2023-01-17,36-50
CUST00019,53,Male,Chennai,No,No,2023-05-26,51-65
CUST00020,46,Female,Bangalore,Yes,No,2023-02-24,36-50
CUST00021,77,Female,Chennai,Yes,No,2023-04-12,65+
CUST00022,53,Female,Chennai,No,No,2023-02-06,51-65
CUST00023,51,Female,Bangalore,No,Yes,2023-02-05,51-65
CUST00024,69,Male,Hyderabad,No,No,2023-05-24,65+
CUST00025,57,Female,Hyderabad,No,No,2023-05-30,51-65
CUST00026,20,Female,Chennai,Yes,No,2023-05-30,18-25
CUST00027,33,Female,Hyderabad,Yes,Yes,2023-04-03,26-35
CUST00028,40,Male,Hyderabad,No,No,2023-02-05,36-50
CUST00029,58,Female,Hyderabad,Yes,No,2023-01-24,51-65
CUST00030,27,Male,Hyderabad,No,Yes,2023-01-29,26-35
CUST00031,75,Male,Hyderabad,Yes,Yes,2023-06-10,65+
CUST00032,64,Male,Hyderabad,No,Yes,2023-06-24,51-65
CUST00033,38,Female,Hyderabad,Yes,No,2023-06-02,36-50
CUST00034,34,Male,Bangalore,Yes,No,2023-04-09,26-35
CUST00035,60,Female,Chennai,No,No,2023-06-02,51-65
CUST00036,48,Female,Hyderabad,No,Yes,2023-05-16,36-50
CUST00037,44,Female,Hyderabad,Yes,Yes,2023-05-22,36-50
CUST00038,34,Male,Bangalore,Yes,Yes,2023-06-24,26-35
CUST00039,46,Male,Chennai,Yes,No,2023-06-24,36-50
CUST00040,24,Female,Chennai,Yes,Yes,2023-06-14,18-25
CUST00041,43,Female,Hyderabad,Yes,No,2023-01-29,36-50
CUST00042,59,Female,Bangalore,Yes,No,2023-04-22,51-65
CUST00043,63,Male,Bangalore,No,Yes,2023-04-27,51-65
CUST00044,59,Male,Bangalore,Yes,Yes,2023-03-09,51-65
CUST00045,71,Male,Chennai,Yes,No,2023-05-10,65+
CUST00046,26,Male,Hyderabad,Yes,No,2023-06-10,26-35
CUST00047,76,Female,Chennai,Yes,No,2023-06-13,65+
CUST00048,43,Male,Chennai,No,No,2023-02-09,36-50
CUST00049,19,Female,Hyderabad,Yes,Yes,2023-02-11,18-25
CUST00050,29,Male,Bangalore,Yes,Yes,2023-06-03,26-35
CUST00051,70,Female,Hyderabad,Yes,No,2023-05-06,65+
CUST00052,59,Male,Bangalore,Yes,Yes,2023-01-29,51-65
CUST00053,69,Female,Chennai,Yes,Yes,2023-03-20,65+
CUST00054,57,Male,Hyderabad,Yes,No,2023-01-15,51-65
CUST00055,34,Male,Hyderabad,Yes,No,2023-05-26,26-35
CUST00056,43,Male,Bangalore,Yes,No,2023-01-22,36-50
CUST00057,19,Female,Hyderabad,Yes,Yes,2023-01-18,18-25
CUST00058,76,Male,Hyderabad,Yes,No,2023-02-02,65+
CUST00059,57,Female,Bangalore,Yes,Yes,2023-05-21,51-65
CUST00060,35,Male,Hyderabad,No,No,2023-03-09,26-35
CUST00061,46,Female,Hyderabad,No,No,2023-02-24,36-50
CUST00062,51,Male,Chennai,Yes,Yes,2023-03-21,51-65
CUST00063,46,Female,Hyderabad,Yes,Yes,2023-06-21,36-50
CUST00064,52,Female,Chennai,Yes,Yes,2023-04-23,51-65
CUST00065,47,Female,Hyderabad,Yes,No,2023-01-31,36-50
CUST00066,46,Male,Hyderabad,Yes,Yes,2023-02-27,36-50
CUST00067,50,Male,Hyderabad,No,Yes,2023-03-28,36-50
CUST00068,33,Male,Hyderabad,Yes,No,2023-05-31,26-35
CUST00069,48,Male,Chennai,Yes,No,2023-05-31,36-50
CUST00070,35,Male,Hyderabad,No,No,2023-01-02,26-35
CUST00071,47,Male,Bangalore,No,Yes,2023-06-11,36-50
CUST00072,70,Male,Hyderabad,No,Yes,2023-02-28,65+
CUST00073,33,Male,Hyderabad,Yes,Yes,2023-01-09,26-35
CUST00074,53,Female,Hyderabad,No,Yes,2023-01-19,51-65
CUST00075,24,Male,Chennai,Yes,No,2023-03-13,18-25
CUST00076,50,Female,Chennai,No,No,2023-02-24,36-50
CUST00077,58,Male,Hyderabad,Yes,No,2023-05-27,51-65
CUST00078,47,Female,Hyderabad,No,No,2023-03-04,36-50
CUST00079,34,Female,Hyderabad,No,Yes,2023-04-15,26-35
CUST00080,36,Male,Hyderabad,Yes,No,2023-01-25,36-50
CUST00081,54,Male,Hyderabad,Yes,No,2023-06-18,51-65
CUST00082,70,Female,Chennai,No,No,2023-04-01,65+
CUST00083,54,Female,Bangalore,No,Yes,2023-04-16,51-65
CUST00084,40,Female,Bangalore,No,No,2023-01-14,36-50
CUST00085,51,Male,Chennai,No,Yes,2023-01-16,51-65
CUST00086,53,Female,Bangalore,No,Yes,2023-03-28,51-65
CUST00087,50,Male,Bangalore,Yes,No,2023-03-05,36-50
CUST00088,35,Male,Chennai,Yes,No,2023-02-18,26-35
CUST00089,46,Female,Hyderabad,Yes,Yes,2023-02-05,36-50
CUST00090,44,Female,Chennai,Yes,No,2023-02-16,36-50
CUST00091,39,Female,Chennai,Yes,No,2023-04-29,36-50
CUST00092,51,Male,Bangalore,No,Yes,2023-01-20,51-65
CUST00093,32,Female,Bangalore,Yes,No,2023-05-21,26-35
CUST00094,55,Male,Bangalore,Yes,Yes,2023-01-13,51-65
CUST00095,51,Male,Bangalore,No,No,2023-01-24,51-65
CUST00096,40,Male,Chennai,No,Yes,2023-02-12,36-50
CUST00097,53,Female,Hyderabad,No,Yes,2023-05-05,51-65
CUST00098,48,Female,Bangalore,Yes,Yes,2023-02-24,36-50
CUST00099,38,Female,Hyderabad,Yes,No,2023-01-16,36-50
CUST00100,25,Male,Chennai,Yes,Yes,2023-04-08,18-25
CUST00101,53,Male,Hyderabad,Yes,Yes,2023-04-10,51-65
CUST00102,73,Female,Chennai,Yes,No,2023-04-27,65+
CUST00103,22,Female,Chennai,Yes,No,2023-04-19,18-25
CUST00104,35,Female,Bangalore,Yes,No,2023-02-09,26-35
CUST00105,70,Male,Hyderabad,Yes,Yes,2023-03-17,65+
CUST00106,41,Male,Bangalore,No,No,2023-01-15,36-50
CUST00107,58,Male,Hyderabad,Yes,No,2023-03-22,51-65
CUST00108,39,Male,Hyderabad,Yes,No,2023-01-13,36-50
CUST00109,43,Female,Chennai,No,No,2023-05-09,36-50
CUST00110,47,Male,Hyderabad,Yes,No,2023-01-15,36-50
CUST00111,44,Male,Hyderabad,Yes,Yes,2023-02-17,36-50
CUST00112,48,Male,Chennai,Yes,Yes,2023-06-02,36-50
CUST00113,53,Male,Hyderabad,No,No,2023-06-22,51-65
CUST00114,54,Male,Chennai,Yes,Yes,2023-04-14,51-65
CUST00115,73,Male,Hyderabad,Yes,No,2023-05-26,65+
CUST00116,24,Male,Hyderabad,No,No,2023-05-29,18-25
CUST00117,77,Male,Chennai,No,No,2023-06-08,65+
CUST00118,71,Male,Hyderabad,Yes,No,2023-04-18,65+
CUST00119,79,Female,Bangalore,No,Yes,2023-03-08,65+
CUST00120,52,Male,Bangalore,Yes,Yes,2023-06-21,51-65
CUST00121,37,Female,Hyderabad,Yes,Yes,2023-03-03,36-50
CUST00122,51,Female,Chennai,Yes,No,2023-04-12,51-65
CUST00123,39,Male,Hyderabad,No,Yes,2023-06-21,36-50
CUST00124,53,Female,Bangalore,No,Yes,2023-04-28,51-65
CUST00125,27,Female,Hyderabad,Yes,No,2023-01-19,26-35
CUST00126,33,Male,Hyderabad,Yes,No,2023-04-28,26-35
CUST00127,74,Male,Hyderabad,Yes,No,2023-01-19,65+
CUST00128,21,Male,Hyderabad,Yes,No,2023-05-10,18-25
CUST00129,27,Female,Bangalore,Yes,Yes,2023-02-03,26-35
CUST00130,62,Female,Bangalore,Yes,No,2023-01-18,51-65
CUST00131,19,Male,Chennai,No,Yes,2023-04-05,18-25
CUST00132,75,Female,Bangalore,Yes,Yes,2023-02-10,65+
CUST00133,53,Female,Hyderabad,Yes,Yes,2023-05-20,51-65
CUST00134,27,Female,Bangalore,No,Yes,2023-06-06,26-35
CUST00135,52,Male,Hyderabad,Yes,No,2023-06-20,51-65
CUST00136,59,Female,Hyderabad,Yes,No,2023-06-19,51-65
CUST00137,52,Male,Chennai,Yes,Yes,2023-02-04,51-65
CUST00138,69,Female,Hyderabad,Yes,Yes,2023-01-30,65+
CUST00139,37,Male,Chennai,No,No,2023-05-22,36-50
CUST00140,59,Male,Chennai,Yes,Yes,2023-03-11,51-65
CUST00141,49,Female,Hyderabad,Yes,No,2023-06-04,36-50
CUST00142,19,Male,Hyderabad,Yes,No,2023-03-29,18-25
CUST00143,39,Male,Chennai,Yes,No,2023-06-25,36-50
CUST00144,53,Female,Chennai,Yes,Yes,2023-05-10,51-65
CUST00145,79,Female,Hyderabad,Yes,No,2023-03-06,65+
CUST00146,32,Male,Bangalore,Yes,No,2023-01-24,26-35
CUST00147,54,Female,Bangalore,No,No,2023-03-12,51-65
CUST00148,62,Male,Hyderabad,No,No,2023-01-01,51-65
CUST00149,26,Female,Chennai,No,No,2023-02-03,26-35
CUST00150,61,Female,Chennai,Yes,Yes,2023-02-11,51-65
CUST00151,28,Female,Bangalore,No,No,2023-05-22,26-35
CUST00152,64,Female,Hyderabad,Yes,No,2023-05-24,51-65
CUST00153,48,Male,Bangalore,No,Yes,2023-01-29,36-50
CUST00154,38,Male,Hyderabad,No,No,2023-06-26,36-50
CUST00155,40,Male,Chennai,Yes,No,2023-05-20,36-50
CUST00156,40,Male,Chennai,No,Yes,2023-04-05,36-50
CUST00157,47,Male,Chennai,Yes,No,2023-04-21,36-50
CUST00158,29,Male,Hyderabad,No,No,2023-01-11,26-35
CUST00159,74,Female,Hyderabad,Yes,Yes,2023-04-04,65+
CUST00160,56,Male,Bangalore,Yes,No,2023-04-02,51-65
CUST00161,77,Male,Bangalore,Yes,Yes,2023-06-24,65+
CUST00162,21,Male,Chennai,Yes,Yes,2023-06-20,18-25
CUST00163,40,Male,Chennai,Yes,No,2023-04-01,36-50
CUST00164,37,Female,Hyderabad,Yes,Yes,2023-06-08,36-50
CUST00165,28,Male,Bangalore,Yes,Yes,2023-03-02,26-35
CUST00166,64,Male,Hyderabad,Yes,No,2023-02-15,51-65
CUST00167,54,Female,Hyderabad,Yes,No,2023-01-07,51-65
CUST00168,58,Male,Chennai,Yes,Yes,2023-03-27,51-65
CUST00169,35,Female,Hyderabad,No,Yes,2023-06-21,26-35
CUST00170,34,Male,Hyderabad,No,Yes,2023-03-10,26-35
CUST00171,32,Male,Hyderabad,No,No,2023-06-29,26-35
CUST00172,51,Male,Chennai,Yes,No,2023-04-08,51-65
CUST00173,33,Male,Chennai,No,No,2023-05-01,26-35
CUST00174,49,Male,Hyderabad,No,No,2023-02-21,36-50
CUST00175,60,Female,Hyderabad,No,Yes,2023-03-31,51-65
CUST00176,77,Female,Hyderabad,Yes,Yes,2023-02-28,65+
CUST00177,68,Male,Hyderabad,Yes,Yes,2023-01-07,65+
CUST00178,38,Male,Chennai,No,Yes,2023-04-13,36-50
CUST00179,21,Female,Hyderabad,Yes,Yes,2023-03-13,18-25
CUST00180,57,Male,Bangalore,No,No,2023-03-13,51-65
CUST00181,43,Female,Hyderabad,Yes,No,2023-06-14,36-50
CUST00182,25,Female,Hyderabad,No,No,2023-06-23,18-25
CUST00183,76,Female,Bangalore,Yes,No,2023-01-08,65+
CUST00184,57,Male,Bangalore,Yes,Yes,2023-03-08,51-65
CUST00185,63,Male,Chennai,Yes,No,2023-05-29,51-65
CUST00186,40,Female,Hyderabad,Yes,No,2023-01-10,36-50
CUST00187,49,Male,Bangalore,Yes,No,2023-06-02,36-50
CUST00188,35,Female,Hyderabad,Yes,Yes,2023-03-30,26-35
CUST00189,24,Female,Bangalore,No,No,2023-04-22,18-25
CUST00190,50,Male,Hyderabad,Yes,No,2023-04-09,36-50
CUST00191,40,Male,Hyderabad,Yes,No,2023-03-07,36-50
CUST00192,70,Male,Hyderabad,Yes,No,2023-04-22,65+
CUST00193,50,Male,Chennai,Yes,Yes,2023-05-14,36-50
CUST00194,42,Male,Hyderabad,Yes,Yes,2023-04-04,36-50
CUST00195,37,Female,Hyderabad,No,Yes,2023-01-18,36-50
CUST00196,77,Female,Hyderabad,Yes,Yes,2023-06-09,65+
CUST00197,53,Female,Hyderabad,Yes,No,2023-06-19,51-65
CUST00198,67,Male,Hyderabad,Yes,No,2023-03-18,65+
CUST00199,60,Female,Chennai,Yes,No,2023-06-20,51-65
CUST00200,53,Female,Hyderabad,Yes,Yes,2023-03-25,51-65
CUST00201,75,Female,Bangalore,Yes,No,2023-06-28,65+
CUST00202,68,Female,Chennai,Yes,No,2023-05-22,65+
CUST00203,41,Male,Hyderabad,Yes,Yes,2023-02-19,36-50
CUST00204,78,Female,Hyderabad,No,Yes,2023-06-20,65+
CUST00205,57,Female,Hyderabad,Yes,Yes,2023-06-23,51-65
CUST00206,18,Male,Bangalore,Yes,Yes,2023-06-07,18-25
CUST00207,50,Female,Hyderabad,No,No,2023-04-14,36-50
CUST00208,47,Male,Bangalore,Yes,Yes,2023-03-19,36-50
CUST00209,71,Female,Hyderabad,No,No,2023-02-23,65+
CUST00210,63,Female,Hyderabad,Yes,No,2023-05-29,51-65
CUST00211,44,Female,Hyderabad,No,Yes,2023-04-30,36-50
CUST00212,55,Female,Hyderabad,Yes,Yes,2023-04-24,51-65
CUST00213,57,Male,Hyderabad,No,Yes,2023-05-11,51-65
CUST00214,49,Female,Chennai,Yes,No,2023-02-13,36-50
CUST00215,58,Male,Bangalore,No,No,2023-03-14,51-65
CUST00216,53,Female,Hyderabad,No,Yes,2023-01-24,51-65
CUST00217,69,Male,Bangalore,No,No,2023-06-22,65+
CUST00218,71,Female,Hyderabad,No,No,2023-02-27,65+
CUST00219,42,Male,Hyderabad,Yes,No,2023-02-07,36-50
CUST00220,33,Male,Hyderabad,Yes,Yes,2023-01-12,26-35
CUST00221,24,Male,Bangalore,Yes,No,2023-05-02,18-25
CUST00222,50,Male,Hyderabad,Yes,No,2023-04-27,36-50
CUST00223,76,Female,Bangalore,No,Yes,2023-06-11,65+
CUST00224,53,Male,Hyderabad,Yes,No,2023-06-28,51-65
CUST00225,37,Female,Chennai,Yes,No,2023-05-07,36-50
CUST00226,63,Female,Bangalore,Yes,No,2023-03-04,51-65
CUST00227,27,Male,Hyderabad,Yes,No,2023-06-17,26-35
CUST00228,24,Male,Bangalore,Yes,No,2023-01-28,18-25
CUST00229,51,Female,Chennai,Yes,No,2023-02-26,51-65
CUST00230,21,Male,Hyderabad,No,No,2023-06-28,18-25
CUST00231,54,Female,Chennai,No,Yes,2023-01-13,51-65
CUST00232,51,Male,Bangalore,Yes,No,2023-02-01,51-65
CUST00233,65,Female,Hyderabad,Yes,Yes,2023-02-04,51-65
CUST00234,79,Female,Hyderabad,No,No,2023-06-20,65+
CUST00235,59,Female,Chennai,Yes,No,2023-04-24,51-65
CUST00236,59,Female,Bangalore,No,No,2023-05-21,51-65
CUST00237,36,Female,Hyderabad,No,No,2023-02-10,36-50
CUST00238,71,Female,Hyderabad,No,No,2023-04-26,65+
CUST00239,19,Female,Hyderabad,Yes,No,2023-03-05,18-25
CUST00240,48,Female,Hyderabad,Yes,No,2023-05-14,36-50
CUST00241,39,Female,Hyderabad,Yes,No,2023-06-10,36-50
CUST00242,46,Male,Hyderabad,No,No,2023-03-12,36-50
CUST00243,34,Female,Hyderabad,Yes,No,2023-01-20,26-35
CUST00244,37,Female,Hyderabad,Yes,No,2023-03-02,36-50
CUST00245,35,Female,Bangalore,No,No,2023-03-27,26-35
CUST00246,50,Female,Hyderabad,No,No,2023-05-19,36-50
CUST00247,46,Male,Chennai,No,No,2023-02-05,36-50
CUST00248,49,Male,Hyderabad,Yes,No,2023-03-01,36-50
CUST00249,69,Female,Chennai,Yes,No,2023-06-27,65+
CUST00250,32,Male,Chennai,No,Yes,2023-06-30,26-35
CUST00251,42,Male,Hyderabad,No,Yes,2023-01-17,36-50
CUST00252,24,Female,Chennai,Yes,No,2023-04-15,18-25
CUST00253,52,Female,Chennai,No,No,2023-05-19,51-65
CUST00254,73,Female,Chennai,Yes,Yes,2023-04-17,65+
CUST00255,55,Male,Chennai,No,No,2023-02-22,51-65
CUST00256,53,Female,Hyderabad,No,No,2023-04-10,51-65
CUST00257,68,Male,Hyderabad,Yes,No,2023-05-28,65+
CUST00258,21,Female,Hyderabad,Yes,No,2023-05-03,18-25
CUST00259,32,Male,Chennai,No,No,2023-04-01,26-35
CUST00260,77,Female,Hyderabad,No,No,2023-04-10,65+
CUST00261,50,Female,Hyderabad,Yes,No,2023-05-18,36-50
CUST00262,58,Male,Bangalore,No,No,2023-05-05,51-65
CUST00263,36,Male,Hyderabad,Yes,Yes,2023-03-11,36-50
CUST00264,53,Female,Bangalore,Yes,No,2023-05-05,51-65
CUST00265,52,Male,Chennai,Yes,No,2023-04-10,51-65
CUST00266,46,Female,Chennai,No,No,2023-06-21,36-50
CUST00267,56,Female,Chennai,Yes,Yes,2023-02-12,51-65
CUST00268,49,Female,Hyderabad,Yes,No,2023-02-02,36-50
CUST00269,35,Male,Hyderabad,No,Yes,2023-04-11,26-35
CUST00270,40,Male,Bangalore,Yes,Yes,2023-01-22,36-50
CUST00271,36,Female,Hyderabad,No,No,2023-02-04,36-50
CUST00272,52,Female,Bangalore,No,Yes,2023-02-16,51-65
CUST00273,49,Male,Bangalore,No,No,2023-03-08,36-50
CUST00274,53,Female,Chennai,No,Yes,2023-03-25,51-65
CUST00275,43,Male,Hyderabad,No,Yes,2023-04-27,36-50
CUST00276,41,Female,Bangalore,Yes,No,2023-03-28,36-50
CUST00277,57,Female,Chennai,No,Yes,2023-03-13,51-65
CUST00278,48,Female,Bangalore,Yes,Yes,2023-03-06,36-50
CUST00279,43,Male,Hyderabad,Yes,Yes,2023-05-01,36-50
CUST00280,69,Male,Bangalore,Yes,No,2023-05-19,65+
CUST00281,48,Male,Hyderabad,No,No,2023-03-31,36-50
CUST00282,54,Male,Chennai,No,No,2023-06-16,51-65
CUST00283,42,Male,Bangalore,Yes,No,2023-06-16,36-50
CUST00284,27,Male,Hyderabad,No,No,2023-01-08,26-35
CUST00285,41,Male,Bangalore,No,No,2023-02-21,36-50
CUST00286,74,Male,Hyderabad,Yes,Yes,2023-06-09,65+
CUST00287,26,Male,Bangalore,No,No,2023-03-03,26-35
CUST00288,39,Male,Hyderabad,No,No,2023-05-02,36-50
CUST00289,52,Male,Hyderabad,Yes,Yes,2023-05-25,51-65
CUST00290,51,Male,Hyderabad,Yes,No,2023-04-30,51-65
CUST00291,35,Female,Hyderabad,Yes,No,2023-04-05,26-35
CUST00292,57,Male,Chennai,Yes,No,2023-06-05,51-65
CUST00293,50,Male,Bangalore,Yes,No,2023-02-11,36-50
CUST00294,79,Female,Hyderabad,Yes,Yes,2023-01-28,65+
CUST00295,62,Male,Bangalore,Yes,No,2023-03-21,51-65
CUST00296,21,Female,Hyderabad,No,No,2023-04-12,18-25
CUST00297,57,Male,Bangalore,Yes,No,2023-01-20,51-65
CUST00298,55,Male,Hyderabad,Yes,No,2023-01-27,51-65
CUST00299,56,Female,Bangalore,No,No,2023-06-25,51-65
CUST00300,50,Male,Chennai,Yes,No,2023-05-25,36-50
CUST00301,75,Male,Hyderabad,No,Yes,2023-03-30,65+
CUST00302,65,Female,Bangalore,No,Yes,2023-06-19,51-65
CUST00303,79,Female,Hyderabad,Yes,No,2023-01-18,65+
CUST00304,26,Female,Bangalore,Yes,Yes,2023-01-04,26-35
CUST00305,61,Female,Chennai,Yes,No,2023-05-06,51-65
CUST00306,38,Male,Hyderabad,No,No,2023-04-21,36-50
CUST00307,54,Female,Bangalore,Yes,Yes,2023-06-12,51-65
CUST00308,46,Female,Hyderabad,No,No,2023-02-09,36-50
CUST00309,36,Female,Chennai,No,Yes,2023-02-15,36-50
CUST00310,40,Female,Hyderabad,No,No,2023-06-07,36-50
CUST00311,44,Female,Chennai,No,Yes,2023-04-30,36-50
CUST00312,31,Female,Hyderabad,Yes,No,2023-06-01,26-35
CUST00313,59,Female,Hyderabad,Yes,No,2023-03-24,51-65
CUST00314,51,Male,Chennai,Yes,Yes,2023-01-23,51-65
CUST00315,58,Female,Bangalore,Yes,No,2023-04-26,51-65
CUST00316,20,Male,Hyderabad,No,No,2023-04-29,18-25
CUST00317,49,Female,Hyderabad,No,Yes,2023-03-28,36-50
CUST00318,67,Male,Hyderabad,No,Yes,2023-05-07,65+
CUST00319,43,Female,Hyderabad,No,Yes,2023-02-16,36-50
CUST00320,75,Female,Bangalore,No,No,2023-02-24,65+
CUST00321,26,Female,Chennai,No,Yes,2023-03-08,26-35
CUST00322,51,Female,Hyderabad,No,No,2023-03-13,51-65
CUST00323,38,Female,Bangalore,Yes,Yes,2023-05-23,36-50
CUST00324,49,Male,Bangalore,Yes,Yes,2023-05-13,36-50
CUST00325,46,Male,Hyderabad,No,No,2023-01-22,36-50
CUST00326,36,Male,Hyderabad,Yes,No,2023-04-15,36-50
CUST00327,38,Female,Hyderabad,Yes,No,2023-05-23,36-50
CUST00328,18,Male,Hyderabad,No,Yes,2023-06-26,18-25
CUST00329,18,Female,Hyderabad,Yes,No,2023-06-15,18-25
CUST00330,78,Female,Bangalore,No,Yes,2023-04-25,65+
CUST00331,41,Male,Hyderabad,Yes,Yes,2023-01-24,36-50
CUST00332,43,Female,Bangalore,Yes,Yes,2023-02-26,36-50
CUST00333,72,Female,Hyderabad,Yes,No,2023-06-27,65+
CUST00334,44,Male,Hyderabad,Yes,Yes,2023-03-20,36-50
CUST00335,42,Female,Chennai,Yes,Yes,2023-05-02,36-50
CUST00336,19,Female,Bangalore,Yes,Yes,2023-04-19,18-25
CUST00337,29,Female,Chennai,No,No,2023-04-01,26-35
CUST00338,32,Female,Hyderabad,Yes,Yes,2023-03-11,26-35
CUST00339,35,Female,Hyderabad,Yes,No,2023-03-06,26-35
CUST00340,36,Male,Hyderabad,Yes,Yes,2023-01-31,36-50
CUST00341,47,Male,Bangalore,Yes,No,2023-03-22,36-50
CUST00342,40,Male,Bangalore,Yes,No,2023-05-18,36-50
CUST00343,34,Male,Hyderabad,No,Yes,2023-02-19,26-35
CUST00344,29,Male,Hyderabad,No,Yes,2023-05-04,26-35
CUST00345,38,Female,Chennai,Yes,Yes,2023-05-31,36-50
CUST00346,62,Female,Hyderabad,No,No,2023-01-26,51-65
CUST00347,40,Male,Hyderabad,Yes,No,2023-03-17,36-50
CUST00348,43,Male,Hyderabad,Yes,Yes,2023-04-03,36-50
CUST00349,58,Male,Hyderabad,No,Yes,2023-03-19,51-65
CUST00350,50,Male,Bangalore,No,No,2023-05-17,36-50
CUST00351,69,Male,Bangalore,No,No,2023-03-12,65+
CUST00352,57,Male,Hyderabad,Yes,No,2023-01-14,51-65
CUST00353,43,Female,Bangalore,Yes,No,2023-06-28,36-50
CUST00354,39,Male,Hyderabad,No,No,2023-06-13,36-50
CUST00355,48,Female,Bangalore,Yes,No,2023-01-27,36-50
CUST00356,57,Male,Hyderabad,Yes,Yes,2023-05-27,51-65
CUST00357,18,Female,Bangalore,Yes,No,2023-05-01,18-25
CUST00358,56,Female,Hyderabad,Yes,Yes,2023-04-23,51-65
CUST00359,78,Female,Hyderabad,Yes,Yes,2023-02-17,65+
CUST00360,37,Male,Hyderabad,Yes,No,2023-03-06,36-50
CUST00361,31,Female,Hyderabad,No,Yes,2023-01-30,26-35
CUST00362,70,Male,Bangalore,Yes,Yes,2023-04-13,65+
CUST00363,32,Female,Chennai,No,Yes,2023-01-19,26-35
CUST00364,40,Male,Hyderabad,Yes,Yes,2023-02-08,36-50
CUST00365,67,Male,Chennai,Yes,Yes,2023-05-25,65+
CUST00366,53,Female,Hyderabad,Yes,No,2023-01-22,51-65
CUST00367,53,Male,Bangalore,Yes,No,2023-01-31,51-65
CUST00368,51,Female,Hyderabad,Yes,No,2023-06-05,51-65
CUST00369,47,Male,Bangalore,No,Yes,2023-05-14,36-50
CUST00370,38,Female,Hyderabad,No,Yes,2023-04-26,36-50
CUST00371,31,Female,Hyderabad,No,No,2023-03-18,26-35
CUST00372,46,Female,Bangalore,No,Yes,2023-03-20,36-50
CUST00373,42,Male,Hyderabad,Yes,No,2023-06-06,36-50
CUST00374,37,Male,Hyderabad,Yes,Yes,2023-02-23,36-50
CUST00375,39,Male,Hyderabad,Yes,No,2023-03-09,36-50
CUST00376,46,Male,Hyderabad,Yes,No,2023-02-10,36-50
CUST00377,29,Male,Bangalore,Yes,Yes,2023-02-14,26-35
CUST00378,78,Male,Hyderabad,Yes,No,2023-02-10,65+
CUST00379,60,Male,Chennai,Yes,No,2023-04-15,51-65
CUST00380,35,Female,Hyderabad,No,Yes,2023-06-26,26-35
CUST00381,54,Female,Bangalore,No,No,2023-03-16,51-65
CUST00382,54,Male,Hyderabad,Yes,No,2023-03-01,51-65
CUST00383,37,Female,Chennai,Yes,No,2023-06-30,36-50
CUST00384,56,Female,Bangalore,No,No,2023-06-29,51-65
CUST00385,49,Female,Chennai,No,Yes,2023-01-19,36-50
CUST00386,23,Male,Hyderabad,Yes,Yes,2023-03-09,18-25
CUST00387,23,Male,Bangalore,No,Yes,2023-04-19,18-25
CUST00388,63,Male,Hyderabad,Yes,No,2023-05-20,51-65
CUST00389,70,Male,Hyderabad,Yes,Yes,2023-06-15,65+
CUST00390,24,Male,Chennai,Yes,No,2023-03-10,18-25
CUST00391,32,Male,Hyderabad,No,Yes,2023-01-19,26-35
CUST00392,24,Male,Hyderabad,Yes,Yes,2023-02-12,18-25
CUST00393,56,Female,Bangalore,Yes,No,2023-06-02,51-65
CUST00394,68,Female,Bangalore,Yes,No,2023-04-23,65+
CUST00395,67,Male,Bangalore,Yes,No,2023-04-30,65+
CUST00396,36,Female,Hyderabad,No,Yes,2023-06-29,36-50
CUST00397,27,Female,Chennai,Yes,No,2023-03-11,26-35
CUST00398,41,Female,Chennai,No,No,2023-04-23,36-50
CUST00399,76,Male,Hyderabad,No,No,2023-06-03,65+
CUST00400,32,Male,Bangalore,Yes,No,2023-04-21,26-35
CUST00401,51,Female,Hyderabad,Yes,Yes,2023-06-04,51-65
CUST00402,71,Female,Bangalore,No,Yes,2023-01-07,65+
CUST00403,71,Male,Hyderabad,Yes,Yes,2023-02-28,65+
CUST00404,40,Male,Hyderabad,Yes,No,2023-06-22,36-50
CUST00405,32,Female,Bangalore,Yes,Yes,2023-05-28,26-35
CUST00406,75,Male,Bangalore,No,No,2023-02-14,65+
CUST00407,46,Female,Hyderabad,Yes,Yes,2023-05-13,36-50
CUST00408,23,Female,Hyderabad,Yes,No,2023-03-13,18-25
CUST00409,35,Male,Chennai,Yes,No,2023-05-30,26-35
CUST00410,62,Female,Hyderabad,Yes,No,2023-06-12,51-65
CUST00411,47,Female,Bangalore,Yes,Yes,2023-01-24,36-50
CUST00412,21,Female,Hyderabad,No,Yes,2023-03-31,18-25
CUST00413,49,Female,Hyderabad,No,Yes,2023-03-27,36-50
CUST00414,55,Female,Hyderabad,Yes,No,2023-06-21,51-65
CUST00415,54,Male,Hyderabad,Yes,No,2023-02-11,51-65
CUST00416,33,Female,Chennai,Yes,Yes,2023-04-16,26-35
CUST00417,69,Female,Bangalore,No,No,2023-03-15,65+
CUST00418,20,Female,Hyderabad,Yes,No,2023-05-21,18-25
CUST00419,20,Male,Bangalore,Yes,No,2023-04-27,18-25
CUST00420,47,Male,Hyderabad,Yes,No,2023-03-22,36-50
CUST00421,22,Female,Chennai,No,No,2023-03-24,18-25
CUST00422,33,Male,Hyderabad,Yes,Yes,2023-04-14,26-35
CUST00423,77,Male,Chennai,No,No,2023-06-18,65+
CUST00424,74,Female,Chennai,Yes,No,2023-04-16,65+
CUST00425,22,Male,Bangalore,Yes,No,2023-02-18,18-25
CUST00426,56,Female,Hyderabad,Yes,Yes,2023-06-09,51-65
CUST00427,50,Female,Bangalore,No,Yes,2023-06-10,36-50
CUST00428,53,Female,Hyderabad,Yes,Yes,2023-01-14,51-65
CUST00429,24,Male,Hyderabad,No,No,2023-03-10,18-25
CUST00430,21,Male,Bangalore,Yes,No,2023-03-15,18-25
CUST00431,48,Female,Hyderabad,Yes,No,2023-06-28,36-50
CUST00432,48,Female,Bangalore,Yes,No,2023-02-01,36-50
CUST00433,58,Male,Bangalore,Yes,No,2023-06-11,51-65
CUST00434,41,Male,Chennai,Yes,No,2023-02-10,36-50
CUST00435,55,Female,Bangalore,No,Yes,2023-05-22,51-65
CUST00436,35,Male,Chennai,Yes,Yes,2023-05-22,26-35
CUST00437,32,Female,Hyderabad,No,No,2023-01-24,26-35
CUST00438,76,Male,Hyderabad,Yes,Yes,2023-01-30,65+
CUST00439,41,Female,Bangalore,No,No,2023-01-31,36-50
CUST00440,46,Male,Bangalore,No,Yes,2023-05-08,36-50
CUST00441,43,Female,Hyderabad,Yes,Yes,2023-05-11,36-50
CUST00442,44,Female,Chennai,No,No,2023-04-17,36-50
CUST00443,32,Female,Hyderabad,Yes,No,2023-05-01,26-35
CUST00444,32,Male,Hyderabad,Yes,Yes,2023-04-27,26-35
CUST00445,74,Male,Hyderabad,No,Yes,2023-04-09,65+
CUST00446,47,Male,Hyderabad,Yes,No,2023-06-03,36-50
CUST00447,39,Male,Hyderabad,No,No,2023-01-18,36-50
CUST00448,40,Female,Chennai,No,Yes,2023-04-17,36-50
CUST00449,32,Female,Hyderabad,Yes,No,2023-05-10,26-35
CUST00450,33,Female,Chennai,No,Yes,2023-01-01,26-35
CUST00451,55,Female,Hyderabad,Yes,No,2023-03-18,51-65
CUST00452,42,Female,Chennai,No,No,2023-02-08,36-50
CUST00453,40,Female,Bangalore,Yes,No,2023-05-18,36-50
CUST00454,31,Female,Hyderabad,No,No,2023-03-30,26-35
CUST00455,55,Female,Hyderabad,Yes,Yes,2023-05-22,51-65
CUST00456,49,Female,Hyderabad,Yes,No,2023-04-27,36-50
CUST00457,53,Female,Hyderabad,No,Yes,2023-02-18,51-65
CUST00458,60,Male,Bangalore,Yes,No,2023-05-27,51-65
CUST00459,41,Female,Hyderabad,Yes,Yes,2023-03-01,36-50
CUST00460,47,Female,Hyderabad,Yes,No,2023-01-12,36-50
CUST00461,36,Female,Hyderabad,Yes,No,2023-05-02,36-50
CUST00462,26,Female,Bangalore,Yes,Yes,2023-04-09,26-35
CUST00463,72,Male,Hyderabad,Yes,No,2023-05-07,65+
CUST00464,56,Male,Hyderabad,Yes,Yes,2023-02-02,51-65
CUST00465,73,Female,Chennai,No,No,2023-01-26,65+
CUST00466,75,Female,Hyderabad,Yes,Yes,2023-01-26,65+
CUST00467,68,Female,Bangalore,Yes,Yes,2023-01-04,65+
CUST00468,44,Male,Bangalore,No,Yes,2023-04-15,36-50
CUST00469,67,Male,Bangalore,Yes,No,2023-01-20,65+
CUST00470,31,Female,Bangalore,Yes,No,2023-03-09,26-35
CUST00471,49,Female,Bangalore,No,No,2023-06-09,36-50
CUST00472,51,Female,Bangalore,Yes,No,2023-06-16,51-65
CUST00473,46,Male,Hyderabad,Yes,No,2023-03-26,36-50
CUST00474,58,Female,Bangalore,No,Yes,2023-03-23,51-65
CUST00475,38,Female,Hyderabad,Yes,No,2023-05-19,36-50
CUST00476,18,Male,Bangalore,No,No,2023-06-08,18-25
CUST00477,22,Male,Bangalore,Yes,Yes,2023-03-02,18-25
CUST00478,26,Female,Hyderabad,Yes,No,2023-02-28,26-35
CUST00479,54,Male,Hyderabad,Yes,Yes,2023-04-22,51-65
CUST00480,67,Male,Hyderabad,Yes,Yes,2023-06-12,65+
CUST00481,29,Male,Hyderabad,Yes,No,2023-04-24,26-35
CUST00482,40,Male,Hyderabad,Yes,No,2023-06-27,36-50
CUST00483,21,Female,Hyderabad,Yes,No,2023-01-08,18-25
CUST00484,19,Male,Chennai,Yes,No,2023-03-25,18-25
CUST00485,53,Male,Bangalore,Yes,Yes,2023-03-17,51-65
CUST00486,46,Female,Bangalore,Yes,No,2023-04-06,36-50
CUST00487,42,Female,Bangalore,Yes,Yes,2023-02-07,36-50
CUST00488,35,Male,Hyderabad,Yes,No,2023-05-16,26-35
CUST00489,54,Female,Chennai,Yes,Yes,2023-05-25,51-65
CUST00490,28,Male,Hyderabad,Yes,Yes,2023-02-13,26-35
CUST00491,51,Male,Bangalore,No,No,2023-01-21,51-65
CUST00492,35,Female,Bangalore,No,Yes,2023-06-08,26-35
CUST00493,52,Male,Bangalore,Yes,No,2023-05-08,51-65
CUST00494,31,Male,Chennai,Yes,Yes,2023-03-01,26-35
CUST00495,73,Female,Hyderabad,Yes,Yes,2023-06-13,65+
CUST00496,32,Female,Bangalore,No,No,2023-04-28,26-35
CUST00497,21,Female,Hyderabad,Yes,No,2023-06-20,18-25
CUST00498,33,Male,Bangalore,Yes,No,2023-04-30,26-35
CUST00499,22,Female,Chennai,Yes,No,2023-06-23,18-25
CUST00500,62,Male,Hyderabad,Yes,No,2023-01-19,51-65
CUST00501,43,Female,Bangalore,Yes,No,2023-03-30,36-50
CUST00502,70,Female,Hyderabad,Yes,No,2023-06-13,65+
CUST00503,57,Female,Chennai,Yes,Yes,2023-06-26,51-65
CUST00504,41,Female,Chennai,No,Yes,2023-04-27,36-50
CUST00505,52,Female,Chennai,No,Yes,2023-02-20,51-65
CUST00506,37,Female,Bangalore,Yes,Yes,2023-05-04,36-50
CUST00507,19,Male,Hyderabad,Yes,No,2023-03-02,18-25
CUST00508,51,Female,Chennai,Yes,Yes,2023-05-27,51-65
CUST00509,18,Female,Bangalore,No,Yes,2023-05-28,18-25
CUST00510,38,Female,Chennai,Yes,No,2023-06-29,36-50
CUST00511,58,Female,Hyderabad,Yes,Yes,2023-01-06,51-65
CUST00512,33,Female,Bangalore,Yes,Yes,2023-03-12,26-35
CUST00513,44,Male,Hyderabad,Yes,Yes,2023-05-25,36-50
CUST00514,58,Male,Bangalore,Yes,No,2023-06-05,51-65
CUST00515,65,Female,Hyderabad,Yes,No,2023-03-15,51-65
CUST00516,22,Male,Hyderabad,No,No,2023-06-05,18-25
CUST00517,43,Female,Hyderabad,Yes,No,2023-02-26,36-50
CUST00518,22,Male,Hyderabad,Yes,No,2023-06-08,18-25
CUST00519,47,Female,Chennai,No,Yes,2023-06-23,36-50
CUST00520,25,Male,Hyderabad,Yes,No,2023-06-10,18-25
CUST00521,39,Male,Hyderabad,No,No,2023-06-10,36-50
CUST00522,57,Male,Hyderabad,No,No,2023-03-21,51-65
CUST00523,18,Female,Bangalore,Yes,Yes,2023-01-09,18-25
CUST00524,51,Female,Hyderabad,Yes,No,2023-02-03,51-65
CUST00525,34,Male,Chennai,No,Yes,2023-03-17,26-35
CUST00526,55,Female,Hyderabad,Yes,No,2023-04-17,51-65
CUST00527,36,Male,Hyderabad,Yes,No,2023-02-21,36-50
CUST00528,38,Male,Bangalore,No,Yes,2023-05-19,36-50
CUST00529,42,Female,Bangalore,No,No,2023-05-16,36-50
CUST00530,27,Female,Chennai,Yes,Yes,2023-02-12,26-35
CUST00531,49,Female,Hyderabad,No,No,2023-05-04,36-50
CUST00532,52,Female,Chennai,Yes,Yes,2023-03-28,51-65
CUST00533,57,Male,Bangalore,Yes,Yes,2023-04-30,51-65
CUST00534,43,Male,Hyderabad,No,No,2023-02-06,36-50
CUST00535,74,Male,Bangalore,Yes,No,2023-06-23,65+
CUST00536,79,Female,Chennai,Yes,Yes,2023-05-23,65+
CUST00537,26,Female,Bangalore,No,No,2023-01-24,26-35
CUST00538,41,Female,Bangalore,No,Yes,2023-01-04,36-50
CUST00539,67,Female,Hyderabad,No,No,2023-05-18,65+
CUST00540,36,Male,Hyderabad,No,No,2023-04-27,36-50
CUST00541,38,Female,Bangalore,Yes,No,2023-06-22,36-50
CUST00542,64,Female,Bangalore,No,No,2023-05-30,51-65
CUST00543,49,Female,Bangalore,Yes,No,2023-06-13,36-50
CUST00544,20,Female,Chennai,Yes,Yes,2023-01-28,18-25
CUST00545,25,Male,Hyderabad,No,Yes,2023-05-01,18-25
CUST00546,37,Male,Bangalore,No,No,2023-06-08,36-50
CUST00547,55,Female,Bangalore,Yes,Yes,2023-06-06,51-65
CUST00548,46,Male,Chennai,No,Yes,2023-06-15,36-50
CUST00549,71,Male,Hyderabad,Yes,No,2023-06-12,65+
CUST00550,32,Female,Hyderabad,Yes,No,2023-06-29,26-35
CUST00551,74,Female,Hyderabad,Yes,Yes,2023-06-16,65+
CUST00552,39,Female,Hyderabad,No,No,2023-01-30,36-50
CUST00553,50,Male,Bangalore,Yes,No,2023-01-12,36-50
CUST00554,67,Male,Chennai,No,Yes,2023-03-19,65+
CUST00555,53,Female,Hyderabad,Yes,Yes,2023-01-30,51-65
CUST00556,48,Male,Hyderabad,No,Yes,2023-03-02,36-50
CUST00557,23,Male,Bangalore,No,No,2023-04-10,18-25
CUST00558,57,Female,Hyderabad,Yes,No,2023-04-05,51-65
CUST00559,74,Female,Hyderabad,Yes,No,2023-05-31,65+
CUST00560,18,Male,Hyderabad,Yes,Yes,2023-04-17,18-25
CUST00561,51,Male,Hyderabad,Yes,No,2023-05-06,51-65
CUST00562,23,Female,Hyderabad,Yes,No,2023-03-13,18-25
CUST00563,76,Male,Chennai,No,No,2023-06-26,65+
CUST00564,20,Female,Hyderabad,Yes,No,2023-02-25,18-25
CUST00565,76,Female,Chennai,Yes,Yes,2023-04-24,65+
CUST00566,23,Male,Hyderabad,No,No,2023-04-03,18-25
CUST00567,44,Male,Bangalore,Yes,No,2023-06-25,36-50
CUST00568,38,Female,Chennai,No,No,2023-05-20,36-50
CUST00569,40,Female,Bangalore,Yes,Yes,2023-01-16,36-50
CUST00570,70,Female,Bangalore,No,Yes,2023-03-12,65+
CUST00571,34,Male,Chennai,Yes,No,2023-02-01,26-35
CUST00572,40,Female,Hyderabad,No,No,2023-01-24,36-50
CUST00573,49,Male,Hyderabad,Yes,Yes,2023-06-14,36-50
CUST00574,49,Male,Hyderabad,Yes,Yes,2023-01-13,36-50
CUST00575,37,Female,Hyderabad,No,No,2023-03-04,36-50
CUST00576,34,Male,Hyderabad,Yes,Yes,2023-05-25,26-35
CUST00577,26,Male,Hyderabad,No,No,2023-01-18,26-35
CUST00578,41,Male,Hyderabad,No,No,2023-05-31,36-50
CUST00579,40,Male,Hyderabad,Yes,Yes,2023-03-01,36-50
CUST00580,39,Female,Hyderabad,Yes,No,2023-02-07,36-50
CUST00581,36,Male,Chennai,Yes,No,2023-03-12,36-50
CUST00582,72,Male,Chennai,No,No,2023-02-03,65+
CUST00583,38,Female,Hyderabad,Yes,No,2023-02-14,36-50
CUST00584,24,Male,Hyderabad,Yes,No,2023-06-19,18-25
CUST00585,44,Male,Hyderabad,No,Yes,2023-02-03,36-50
CUST00586,39,Male,Hyderabad,No,Yes,2023-04-02,36-50
CUST00587,37,Male,Chennai,No,No,2023-05-31,36-50
CUST00588,39,Female,Hyderabad,Yes,Yes,2023-01-05,36-50
CUST00589,26,Male,Bangalore,Yes,No,2023-03-09,26-35
CUST00590,21,Male,Hyderabad,Yes,No,2023-02-02,18-25
CUST00591,78,Female,Bangalore,Yes,No,2023-05-15,65+
CUST00592,53,Male,Bangalore,No,No,2023-01-17,51-65
CUST00593,56,Female,Bangalore,No,No,2023-04-25,51-65
CUST00594,42,Female,Bangalore,No,Yes,2023-05-12,36-50
CUST00595,70,Male,Bangalore,Yes,No,2023-04-26,65+
CUST00596,46,Male,Hyderabad,No,No,2023-06-07,36-50
CUST00597,58,Male,Hyderabad,Yes,Yes,2023-06-18,51-65
CUST00598,35,Female,Hyderabad,Yes,No,2023-04-28,26-35
CUST00599,40,Male,Hyderabad,No,Yes,2023-01-16,36-50
CUST00600,49,Female,Hyderabad,Yes,No,2023-04-13,36-50
CUST00601,32,Female,Chennai,Yes,No,2023-06-25,26-35
CUST00602,50,Male,Chennai,No,Yes,2023-05-06,36-50
CUST00603,51,Female,Hyderabad,Yes,Yes,2023-01-19,51-65
CUST00604,60,Male,Bangalore,Yes,No,2023-03-24,51-65
CUST00605,41,Male,Hyderabad,Yes,No,2023-01-17,36-50
CUST00606,29,Male,Hyderabad,Yes,Yes,2023-03-12,26-35
CUST00607,23,Female,Hyderabad,Yes,Yes,2023-04-08,18-25
CUST00608,31,Female,Hyderabad,No,No,2023-04-27,26-35
CUST00609,56,Female,Bangalore,No,No,2023-01-26,51-65
CUST00610,32,Male,Hyderabad,No,No,2023-06-17,26-35
CUST00611,74,Male,Hyderabad,No,No,2023-04-21,65+
CUST00612,44,Female,Hyderabad,No,No,2023-02-28,36-50
CUST00613,21,Female,Bangalore,No,Yes,2023-03-28,18-25
CUST00614,58,Female,Chennai,Yes,Yes,2023-04-13,51-65
CUST00615,58,Female,Bangalore,No,No,2023-01-25,51-65
CUST00616,40,Female,Hyderabad,No,Yes,2023-04-20,36-50
CUST00617,52,Female,Bangalore,No,Yes,2023-06-20,51-65
CUST00618,51,Female,Bangalore,No,No,2023-04-06,51-65
CUST00619,62,Male,Bangalore,Yes,No,2023-06-25,51-65
CUST00620,37,Female,Bangalore,Yes,No,2023-01-18,36-50
CUST00621,22,Male,Bangalore,Yes,No,2023-01-22,18-25
CUST00622,56,Male,Hyderabad,Yes,Yes,2023-04-21,51-65
CUST00623,70,Male,Hyderabad,No,No,2023-04-06,65+
CUST00624,59,Male,Chennai,Yes,No,2023-05-23,51-65
CUST00625,39,Male,Bangalore,Yes,Yes,2023-05-31,36-50
CUST00626,54,Female,Hyderabad,No,No,2023-06-21,51-65
CUST00627,37,Male,Hyderabad,No,No,2023-04-16,36-50
CUST00628,34,Female,Hyderabad,Yes,Yes,2023-06-20,26-35
CUST00629,43,Female,Chennai,Yes,No,2023-01-14,36-50
CUST00630,44,Female,Chennai,Yes,Yes,2023-06-03,36-50
CUST00631,66,Female,Bangalore,Yes,Yes,2023-04-01,65+
CUST00632,71,Male,Hyderabad,No,No,2023-05-28,65+
CUST00633,40,Male,Bangalore,Yes,No,2023-02-09,36-50
CUST00634,50,Female,Chennai,Yes,No,2023-02-27,36-50
CUST00635,71,Male,Hyderabad,No,No,2023-03-31,65+
CUST00636,21,Female,Bangalore,Yes,No,2023-01-30,18-25
CUST00637,22,Female,Chennai,Yes,Yes,2023-05-27,18-25
CUST00638,61,Male,Bangalore,Yes,Yes,2023-04-20,51-65
CUST00639,59,Male,Hyderabad,Yes,Yes,2023-06-05,51-65
CUST00640,52,Female,Bangalore,No,Yes,2023-01-08,51-65
CUST00641,24,Male,Bangalore,No,Yes,2023-03-11,18-25
CUST00642,78,Female,Hyderabad,No,No,2023-03-28,65+
CUST00643,48,Female,Bangalore,Yes,No,2023-01-02,36-50
CUST00644,52,Male,Chennai,Yes,No,2023-02-06,51-65
CUST00645,55,Female,Hyderabad,Yes,Yes,2023-01-18,51-65
CUST00646,57,Male,Hyderabad,Yes,Yes,2023-06-12,51-65
CUST00647,77,Male,Hyderabad,No,Yes,2023-01-24,65+
CUST00648,42,Male,Bangalore,Yes,No,2023-04-07,36-50
CUST00649,48,Female,Chennai,No,No,2023-04-27,36-50
CUST00650,49,Female,Bangalore,Yes,No,2023-02-10,36-50
CUST00651,43,Female,Bangalore,Yes,No,2023-03-21,36-50
CUST00652,57,Female,Bangalore,Yes,No,2023-05-26,51-65
CUST00653,60,Male,Chennai,Yes,No,2023-01-14,51-65
CUST00654,47,Male,Bangalore,Yes,Yes,2023-02-10,36-50
CUST00655,23,Male,Hyderabad,Yes,Yes,2023-06-22,18-25
CUST00656,35,Male,Hyderabad,Yes,No,2023-03-11,26-35
CUST00657,44,Female,Hyderabad,Yes,No,2023-06-19,36-50
CUST00658,28,Female,Chennai,No,No,2023-05-05,26-35
CUST00659,51,Female,Hyderabad,No,No,2023-04-17,51-65
CUST00660,64,Female,Hyderabad,Yes,No,2023-02-25,51-65
CUST00661,65,Male,Hyderabad,No,No,2023-03-30,51-65
CUST00662,19,Female,Hyderabad,Yes,No,2023-01-29,18-25
CUST00663,43,Female,Hyderabad,Yes,Yes,2023-06-23,36-50
CUST00664,78,Female,Bangalore,No,No,2023-05-15,65+
CUST00665,33,Female,Bangalore,Yes,No,2023-01-12,26-35
CUST00666,55,Male,Hyderabad,No,No,2023-04-12,51-65
CUST00667,34,Male,Bangalore,Yes,Yes,2023-01-02,26-35
CUST00668,26,Male,Hyderabad,Yes,No,2023-03-19,26-35
CUST00669,21,Male,Bangalore,No,No,2023-02-05,18-25
CUST00670,44,Female,Hyderabad,Yes,No,2023-03-16,36-50
CUST00671,55,Female,Hyderabad,Yes,No,2023-01-31,51-65
CUST00672,37,Male,Chennai,No,No,2023-05-08,36-50
CUST00673,42,Female,Chennai,Yes,Yes,2023-02-14,36-50
CUST00674,36,Male,Bangalore,Yes,No,2023-04-08,36-50
CUST00675,74,Male,Chennai,Yes,Yes,2023-05-09,65+
CUST00676,37,Female,Chennai,Yes,No,2023-01-19,36-50
CUST00677,36,Female,Hyderabad,Yes,Yes,2023-01-11,36-50
CUST00678,41,Female,Chennai,No,Yes,2023-01-05,36-50
CUST00679,46,Female,Bangalore,No,No,2023-01-20,36-50
CUST00680,41,Female,Hyderabad,Yes,No,2023-05-28,36-50
CUST00681,38,Female,Bangalore,Yes,Yes,2023-05-27,36-50
CUST00682,51,Female,Bangalore,No,Yes,2023-06-13,51-65
CUST00683,41,Female,Hyderabad,Yes,No,2023-03-16,36-50
CUST00684,34,Male,Hyderabad,Yes,Yes,2023-04-14,26-35
CUST00685,62,Male,Bangalore,Yes,No,2023-03-25,51-65
CUST00686,18,Male,Hyderabad,Yes,No,2023-06-08,18-25
CUST00687,41,Female,Bangalore,Yes,Yes,2023-06-26,36-50
CUST00688,53,Female,Chennai,Yes,No,2023-01-23,51-65
CUST00689,43,Female,Chennai,Yes,No,2023-01-28,36-50
CUST00690,23,Male,Bangalore,Yes,No,2023-04-22,18-25
CUST00691,62,Female,Chennai,Yes,No,2023-05-15,51-65
CUST00692,47,Male,Hyderabad,Yes,Yes,2023-04-12,36-50
CUST00693,35,Female,Bangalore,Yes,Yes,2023-03-28,26-35
CUST00694,56,Male,Hyderabad,Yes,Yes,2023-03-27,51-65
CUST00695,46,Male,Hyderabad,Yes,No,2023-01-20,36-50
CUST00696,56,Male,Hyderabad,No,Yes,2023-05-16,51-65
CUST00697,37,Male,Bangalore,No,No,2023-03-31,36-50
CUST00698,66,Female,Chennai,Yes,Yes,2023-06-15,65+
CUST00699,63,Male,Hyderabad,Yes,Yes,2023-03-02,51-65
CUST00700,63,Male,Chennai,No,Yes,2023-02-07,51-65
CUST00701,41,Female,Chennai,No,Yes,2023-02-20,36-50
CUST00702,23,Male,Bangalore,No,No,2023-06-04,18-25
CUST00703,37,Male,Hyderabad,Yes,Yes,2023-06-17,36-50
CUST00704,61,Male,Hyderabad,Yes,Yes,2023-02-15,51-65
CUST00705,52,Female,Hyderabad,Yes,No,2023-04-29,51-65
CUST00706,32,Female,Chennai,Yes,No,2023-06-24,26-35
CUST00707,31,Female,Chennai,No,No,2023-06-10,26-35
CUST00708,18,Female,Chennai,Yes,Yes,2023-02-08,18-25
CUST00709,32,Female,Bangalore,No,Yes,2023-01-18,26-35
CUST00710,58,Female,Bangalore,Yes,Yes,2023-04-24,51-65
CUST00711,55,Female,Hyderabad,No,Yes,2023-03-12,51-65
CUST00712,24,Male,Hyderabad,Yes,Yes,2023-04-01,18-25
CUST00713,55,Male,Bangalore,Yes,No,2023-03-21,51-65
CUST00714,52,Female,Bangalore,Yes,Yes,2023-04-26,51-65
CUST00715,41,Male,Hyderabad,Yes,No,2023-01-15,36-50
CUST00716,47,Female,Hyderabad,Yes,Yes,2023-03-15,36-50
CUST00717,57,Male,Hyderabad,Yes,No,2023-06-15,51-65
CUST00718,32,Male,Bangalore,Yes,No,2023-06-07,26-35
CUST00719,60,Female,Bangalore,Yes,No,2023-04-29,51-65
CUST00720,43,Male,Bangalore,No,Yes,2023-04-26,36-50
CUST00721,42,Male,Hyderabad,Yes,Yes,2023-03-24,36-50
CUST00722,77,Female,Bangalore,Yes,No,2023-05-09,65+
CUST00723,35,Male,Chennai,No,No,2023-01-16,26-35
CUST00724,74,Female,Hyderabad,No,No,2023-01-27,65+
CUST00725,48,Female,Bangalore,No,Yes,2023-01-22,36-50
CUST00726,60,Male,Bangalore,Yes,Yes,2023-01-11,51-65
CUST00727,62,Male,Bangalore,Yes,No,2023-04-23,51-65
CUST00728,21,Female,Hyderabad,Yes,No,2023-05-15,18-25
CUST00729,51,Male,Bangalore,No,No,2023-04-04,51-65
CUST00730,31,Female,Hyderabad,Yes,No,2023-03-14,26-35
CUST00731,76,Female,Bangalore,Yes,No,2023-04-15,65+
CUST00732,19,Female,Hyderabad,Yes,No,2023-06-23,18-25
CUST00733,59,Male,Hyderabad,Yes,Yes,2023-06-11,51-65
CUST00734,38,Female,Hyderabad,Yes,No,2023-01-17,36-50
CUST00735,71,Female,Bangalore,No,No,2023-01-25,65+
CUST00736,20,Female,Hyderabad,Yes,No,2023-03-14,18-25
CUST00737,20,Female,Hyderabad,No,No,2023-06-18,18-25
CUST00738,54,Male,Chennai,Yes,No,2023-03-27,51-65
CUST00739,44,Male,Hyderabad,Yes,Yes,2023-05-30,36-50
CUST00740,48,Male,Hyderabad,No,Yes,2023-03-31,36-50
CUST00741,54,Female,Hyderabad,No,Yes,2023-06-17,51-65
CUST00742,58,Female,Hyderabad,No,No,2023-02-03,51-65
CUST00743,41,Male,Chennai,No,No,2023-03-21,36-50
CUST00744,43,Female,Hyderabad,Yes,No,2023-06-14,36-50
CUST00745,34,Female,Bangalore,Yes,Yes,2023-02-02,26-35
CUST00746,55,Male,Bangalore,Yes,No,2023-06-15,51-65
CUST00747,53,Female,Hyderabad,Yes,No,2023-05-11,51-65
CUST00748,79,Female,Hyderabad,No,No,2023-01-05,65+
CUST00749,55,Female,Hyderabad,Yes,No,2023-03-21,51-65
CUST00750,38,Male,Hyderabad,No,No,2023-02-24,36-50
CUST00751,43,Female,Hyderabad,No,No,2023-05-05,36-50
CUST00752,76,Male,Chennai,Yes,Yes,2023-02-27,65+
CUST00753,49,Male,Hyderabad,Yes,Yes,2023-02-09,36-50
CUST00754,23,Male,Hyderabad,Yes,Yes,2023-03-17,18-25
CUST00755,62,Male,Bangalore,Yes,No,2023-05-10,51-65
CUST00756,42,Male,Bangalore,No,Yes,2023-06-19,36-50
CUST00757,27,Female,Bangalore,Yes,No,2023-06-08,26-35
CUST00758,70,Male,Bangalore,No,No,2023-06-02,65+
CUST00759,38,Female,Hyderabad,Yes,No,2023-02-09,36-50
CUST00760,49,Male,Chennai,Yes,No,2023-02-16,36-50
CUST00761,41,Male,Chennai,No,Yes,2023-04-23,36-50
CUST00762,35,Male,Chennai,Yes,No,2023-04-16,26-35
CUST00763,35,Female,Chennai,No,Yes,2023-06-23,26-35
CUST00764,75,Male,Hyderabad,Yes,Yes,2023-04-24,65+
CUST00765,67,Female,Chennai,No,No,2023-04-25,65+
CUST00766,43,Male,Chennai,Yes,No,2023-05-17,36-50
CUST00767,39,Male,Bangalore,Yes,Yes,2023-03-21,36-50
CUST00768,59,Female,Hyderabad,Yes,No,2023-02-19,51-65
CUST00769,40,Female,Hyderabad,No,No,2023-06-23,36-50
CUST00770,53,Female,Bangalore,No,No,2023-04-29,51-65
CUST00771,36,Female,Bangalore,No,Yes,2023-04-08,36-50
CUST00772,37,Female,Chennai,Yes,No,2023-02-11,36-50
CUST00773,57,Male,Bangalore,Yes,Yes,2023-06-04,51-65
CUST00774,49,Male,Hyderabad,Yes,No,2023-03-06,36-50
CUST00775,63,Male,Hyderabad,Yes,Yes,2023-06-14,51-65
CUST00776,50,Female,Chennai,Yes,Yes,2023-04-06,36-50
CUST00777,79,Male,Hyderabad,No,No,2023-05-13,65+
CUST00778,28,Male,Hyderabad,No,No,2023-03-14,26-35
CUST00779,40,Male,Bangalore,Yes,No,2023-02-11,36-50
CUST00780,18,Female,Bangalore,No,No,2023-04-26,18-25
CUST00781,56,Male,Hyderabad,Yes,Yes,2023-04-22,51-65
CUST00782,31,Male,Chennai,Yes,No,2023-02-26,26-35
CUST00783,53,Female,Hyderabad,No,Yes,2023-03-31,51-65
CUST00784,35,Male,Hyderabad,Yes,Yes,2023-04-17,26-35
CUST00785,20,Male,Hyderabad,Yes,No,2023-04-12,18-25
CUST00786,24,Female,Hyderabad,Yes,Yes,2023-03-02,18-25
CUST00787,76,Female,Hyderabad,Yes,Yes,2023-01-21,65+
CUST00788,69,Female,Bangalore,No,No,2023-02-27,65+
CUST00789,64,Male,Hyderabad,Yes,No,2023-03-23,51-65
CUST00790,63,Male,Chennai,Yes,Yes,2023-06-16,51-65
CUST00791,34,Female,Hyderabad,Yes,No,2023-02-07,26-35
CUST00792,76,Male,Hyderabad,No,No,2023-01-10,65+
CUST00793,43,Female,Bangalore,No,Yes,2023-05-01,36-50
CUST00794,56,Male,Hyderabad,Yes,Yes,2023-06-30,51-65
CUST00795,52,Female,Chennai,Yes,Yes,2023-04-25,51-65
CUST00796,34,Male,Bangalore,Yes,No,2023-01-21,26-35
CUST00797,47,Male,Bangalore,Yes,No,2023-03-07,36-50
CUST00798,42,Male,Hyderabad,No,No,2023-02-08,36-50
CUST00799,53,Female,Hyderabad,Yes,Yes,2023-01-29,51-65
CUST00800,57,Female,Bangalore,Yes,Yes,2023-03-02,51-65
CUST00801,52,Female,Bangalore,No,Yes,2023-02-01,51-65
CUST00802,51,Male,Hyderabad,Yes,No,2023-03-03,51-65
CUST00803,62,Female,Bangalore,No,No,2023-06-13,51-65
CUST00804,18,Female,Hyderabad,No,No,2023-01-17,18-25
CUST00805,40,Male,Hyderabad,Yes,Yes,2023-05-08,36-50
CUST00806,20,Male,Hyderabad,No,No,2023-06-11,18-25
CUST00807,73,Male,Hyderabad,Yes,No,2023-02-06,65+
CUST00808,20,Female,Hyderabad,No,Yes,2023-04-20,18-25
CUST00809,36,Male,Hyderabad,Yes,Yes,2023-06-07,36-50
CUST00810,54,Female,Chennai,No,Yes,2023-03-03,51-65
CUST00811,53,Female,Bangalore,No,No,2023-02-17,51-65
CUST00812,21,Male,Hyderabad,No,Yes,2023-05-15,18-25
CUST00813,39,Female,Bangalore,No,No,2023-01-18,36-50
CUST00814,52,Male,Chennai,Yes,No,2023-04-10,51-65
CUST00815,58,Female,Bangalore,Yes,No,2023-01-12,51-65
CUST00816,32,Female,Hyderabad,Yes,No,2023-04-06,26-35
CUST00817,29,Female,Bangalore,Yes,No,2023-01-05,26-35
CUST00818,66,Female,Bangalore,No,No,2023-01-18,65+
CUST00819,69,Female,Hyderabad,Yes,Yes,2023-03-03,65+
CUST00820,68,Male,Chennai,No,No,2023-05-29,65+
CUST00821,58,Female,Chennai,No,No,2023-02-04,51-65
CUST00822,24,Male,Chennai,Yes,Yes,2023-04-01,18-25
CUST00823,57,Female,Bangalore,Yes,No,2023-06-14,51-65
CUST00824,59,Male,Chennai,Yes,No,2023-06-25,51-65
CUST00825,43,Female,Bangalore,No,Yes,2023-06-28,36-50
CUST00826,33,Female,Bangalore,Yes,Yes,2023-06-11,26-35
CUST00827,29,Male,Bangalore,No,Yes,2023-02-04,26-35
CUST00828,53,Male,Hyderabad,Yes,Yes,2023-04-28,51-65
CUST00829,65,Male,Chennai,No,Yes,2023-03-17,51-65
CUST00830,53,Male,Hyderabad,Yes,No,2023-01-12,51-65
CUST00831,58,Male,Bangalore,Yes,Yes,2023-01-11,51-65
CUST00832,21,Female,Bangalore,Yes,No,2023-03-21,18-25
CUST00833,59,Female,Hyderabad,Yes,Yes,2023-05-20,51-65
CUST00834,56,Female,Bangalore,No,No,2023-03-06,51-65
CUST00835,59,Male,Chennai,Yes,Yes,2023-06-15,51-65
CUST00836,51,Male,Hyderabad,Yes,No,2023-03-15,51-65
CUST00837,47,Female,Hyderabad,Yes,No,2023-01-13,36-50
CUST00838,18,Female,Chennai,No,Yes,2023-03-11,18-25
CUST00839,24,Male,Hyderabad,No,Yes,2023-04-05,18-25
CUST00840,42,Female,Bangalore,No,Yes,2023-04-13,36-50
CUST00841,56,Female,Hyderabad,Yes,No,2023-04-09,51-65
CUST00842,41,Female,Hyderabad,Yes,No,2023-02-17,36-50
CUST00843,76,Female,Hyderabad,Yes,Yes,2023-06-27,65+
CUST00844,49,Female,Hyderabad,Yes,No,2023-04-05,36-50
CUST00845,20,Female,Hyderabad,Yes,Yes,2023-01-22,18-25
CUST00846,53,Female,Chennai,Yes,No,2023-01-21,51-65
CUST00847,21,Female,Hyderabad,No,No,2023-06-04,18-25
CUST00848,76,Male,Bangalore,Yes,Yes,2023-05-20,65+
CUST00849,49,Female,Chennai,Yes,Yes,2023-03-24,36-50
CUST00850,34,Male,Chennai,Yes,No,2023-01-21,26-35
CUST00851,44,Female,Bangalore,Yes,Yes,2023-06-19,36-50
CUST00852,58,Female,Hyderabad,No,No,2023-03-20,51-65
CUST00853,58,Female,Hyderabad,Yes,No,2023-06-04,51-65
CUST00854,76,Female,Hyderabad,Yes,No,2023-02-12,65+
CUST00855,69,Female,Hyderabad,Yes,Yes,2023-03-31,65+
CUST00856,49,Female,Hyderabad,No,Yes,2023-01-11,36-50
CUST00857,72,Female,Hyderabad,No,No,2023-06-07,65+
CUST00858,43,Female,Chennai,Yes,No,2023-03-12,36-50
CUST00859,24,Male,Hyderabad,Yes,Yes,2023-01-20,18-25
CUST00860,58,Female,Hyderabad,Yes,Yes,2023-04-04,51-65
CUST00861,26,Male,Bangalore,No,No,2023-01-08,26-35
CUST00862,53,Male,Bangalore,Yes,No,2023-06-05,51-65
CUST00863,41,Female,Hyderabad,No,No,2023-01-09,36-50
CUST00864,35,Male,Hyderabad,Yes,Yes,2023-01-18,26-35
CUST00865,67,Male,Hyderabad,Yes,No,2023-06-15,65+
CUST00866,53,Female,Hyderabad,Yes,Yes,2023-04-03,51-65
CUST00867,35,Female,Chennai,Yes,No,2023-05-26,26-35
CUST00868,57,Male,Bangalore,Yes,No,2023-06-04,51-65
CUST00869,46,Male,Hyderabad,Yes,Yes,2023-06-23,36-50
CUST00870,46,Female,Chennai,Yes,No,2023-04-05,36-50
CUST00871,56,Female,Hyderabad,Yes,No,2023-04-24,51-65
CUST00872,51,Male,Chennai,Yes,Yes,2023-05-27,51-65
CUST00873,47,Male,Hyderabad,No,No,2023-05-16,36-50
CUST00874,72,Female,Chennai,No,No,2023-04-12,65+
CUST00875,38,Female,Bangalore,Yes,No,2023-06-16,36-50
CUST00876,64,Female,Hyderabad,Yes,Yes,2023-03-05,51-65
CUST00877,29,Male,Hyderabad,No,Yes,2023-01-07,26-35
CUST00878,49,Male,Hyderabad,No,No,2023-05-08,36-50
CUST00879,40,Female,Hyderabad,Yes,No,2023-05-24,36-50
CUST00880,65,Male,Hyderabad,Yes,Yes,2023-03-09,51-65
CUST00881,50,Female,Chennai,Yes,No,2023-06-30,36-50
CUST00882,18,Female,Bangalore,No,No,2023-02-24,18-25
CUST00883,41,Female,Chennai,No,No,2023-06-27,36-50
CUST00884,68,Female,Hyderabad,Yes,No,2023-02-21,65+
CUST00885,18,Male,Chennai,No,No,2023-02-04,18-25
CUST00886,19,Male,Bangalore,No,Yes,2023-04-26,18-25
CUST00887,49,Male,Hyderabad,Yes,No,2023-04-24,36-50
CUST00888,48,Male,Chennai,No,Yes,2023-06-24,36-50
CUST00889,48,Female,Bangalore,No,No,2023-06-20,36-50
CUST00890,57,Female,Hyderabad,Yes,No,2023-01-17,51-65
CUST00891,19,Female,Hyderabad,Yes,Yes,2023-03-18,18-25
CUST00892,54,Male,Hyderabad,Yes,No,2023-06-29,51-65
CUST00893,34,Male,Bangalore,Yes,No,2023-04-03,26-35
CUST00894,24,Male,Hyderabad,No,Yes,2023-02-01,18-25
CUST00895,59,Male,Chennai,Yes,No,2023-02-05,51-65
CUST00896,59,Male,Bangalore,No,Yes,2023-05-07,51-65
CUST00897,53,Male,Chennai,Yes,Yes,2023-04-03,51-65
CUST00898,53,Female,Bangalore,Yes,Yes,2023-04-30,51-65
CUST00899,28,Male,Hyderabad,Yes,Yes,2023-06-06,26-35
CUST00900,33,Male,Hyderabad,No,No,2023-01-17,26-35
CUST00901,28,Female,Bangalore,No,No,2023-04-12,26-35
CUST00902,60,Female,Chennai,Yes,No,2023-05-15,51-65
CUST00903,44,Female,Bangalore,No,Yes,2023-04-15,36-50
CUST00904,31,Male,Hyderabad,No,Yes,2023-02-02,26-35
CUST00905,56,Female,Hyderabad,Yes,Yes,2023-06-14,51-65
CUST00906,51,Male,Hyderabad,No,No,2023-04-26,51-65
CUST00907,52,Female,Hyderabad,Yes,Yes,2023-06-24,51-65
CUST00908,22,Female,Hyderabad,No,No,2023-02-02,18-25
CUST00909,52,Male,Hyderabad,No,Yes,2023-02-03,51-65
CUST00910,22,Female,Hyderabad,Yes,No,2023-05-09,18-25
CUST00911,29,Male,Hyderabad,No,Yes,2023-02-01,26-35
CUST00912,33,Male,Hyderabad,Yes,No,2023-03-19,26-35
CUST00913,54,Male,Bangalore,No,No,2023-02-11,51-65
CUST00914,61,Female,Hyderabad,Yes,Yes,2023-02-27,51-65
CUST00915,52,Female,Hyderabad,Yes,No,2023-05-13,51-65
CUST00916,33,Female,Hyderabad,No,No,2023-01-21,26-35
CUST00917,60,Female,Hyderabad,Yes,Yes,2023-02-20,51-65
CUST00918,50,Female,Hyderabad,Yes,Yes,2023-02-02,36-50
CUST00919,59,Female,Bangalore,Yes,Yes,2023-06-07,51-65
CUST00920,21,Male,Hyderabad,Yes,Yes,2023-05-09,18-25
CUST00921,39,Male,Hyderabad,Yes,No,2023-06-01,36-50
CUST00922,22,Male,Hyderabad,Yes,No,2023-02-13,18-25
CUST00923,33,Female,Chennai,Yes,Yes,2023-05-25,26-35
CUST00924,20,Male,Bangalore,Yes,Yes,2023-01-08,18-25
CUST00925,19,Male,Hyderabad,Yes,Yes,2023-01-12,18-25
CUST00926,55,Female,Bangalore,Yes,Yes,2023-06-16,51-65
CUST00927,40,Male,Hyderabad,Yes,No,2023-05-27,36-50
CUST00928,67,Female,Chennai,Yes,Yes,2023-06-08,65+
CUST00929,47,Male,Hyderabad,Yes,Yes,2023-05-08,36-50
CUST00930,58,Female,Hyderabad,Yes,No,2023-06-14,51-65
CUST00931,67,Female,Hyderabad,No,No,2023-05-04,65+
CUST00932,51,Male,Hyderabad,Yes,Yes,2023-06-25,51-65
CUST00933,51,Female,Hyderabad,Yes,No,2023-03-18,51-65
CUST00934,36,Female,Bangalore,Yes,Yes,2023-01-19,36-50
CUST00935,36,Male,Hyderabad,Yes,No,2023-02-10,36-50
CUST00936,51,Female,Bangalore,Yes,No,2023-04-17,51-65
CUST00937,39,Female,Hyderabad,No,No,2023-04-29,36-50
CUST00938,51,Male,Hyderabad,Yes,No,2023-03-29,51-65
CUST00939,36,Male,Bangalore,Yes,Yes,2023-03-22,36-50
CUST00940,52,Female,Hyderabad,Yes,No,2023-03-30,51-65
CUST00941,66,Female,Chennai,Yes,No,2023-02-03,65+
CUST00942,37,Female,Hyderabad,Yes,Yes,2023-05-12,36-50
CUST00943,79,Male,Bangalore,No,Yes,2023-03-23,65+
CUST00944,72,Male,Chennai,Yes,Yes,2023-04-30,65+
CUST00945,41,Male,Hyderabad,Yes,Yes,2023-03-10,36-50
CUST00946,35,Female,Bangalore,Yes,Yes,2023-03-05,26-35
CUST00947,57,Male,Chennai,Yes,Yes,2023-01-25,51-65
CUST00948,77,Male,Hyderabad,Yes,No,2023-03-16,65+
CUST00949,50,Female,Hyderabad,No,No,2023-06-07,36-50
CUST00950,37,Female,Chennai,Yes,No,2023-03-05,36-50
CUST00951,27,Male,Hyderabad,Yes,No,2023-03-25,26-35
CUST00952,54,Female,Chennai,Yes,No,2023-02-18,51-65
CUST00953,56,Male,Hyderabad,No,No,2023-05-08,51-65
CUST00954,23,Female,Bangalore,Yes,Yes,2023-05-08,18-25
CUST00955,71,Female,Chennai,Yes,No,2023-05-08,65+
CUST00956,37,Male,Bangalore,Yes,Yes,2023-01-24,36-50
CUST00957,62,Female,Hyderabad,Yes,No,2023-05-10,51-65
CUST00958,31,Female,Bangalore,Yes,Yes,2023-03-03,26-35
CUST00959,46,Male,Bangalore,Yes,Yes,2023-05-30,36-50
CUST00960,33,Female,Hyderabad,Yes,No,2023-01-13,26-35
CUST00961,24,Male,Bangalore,No,No,2023-03-14,18-25
CUST00962,35,Female,Bangalore,No,No,2023-06-02,26-35
CUST00963,27,Female,Chennai,Yes,Yes,2023-03-15,26-35
CUST00964,24,Male,Bangalore,Yes,Yes,2023-01-28,18-25
CUST00965,54,Female,Bangalore,Yes,Yes,2023-02-04,51-65
CUST00966,50,Female,Bangalore,No,No,2023-04-04,36-50
CUST00967,70,Female,Hyderabad,No,No,2023-04-04,65+
CUST00968,58,Male,Bangalore,No,Yes,2023-04-13,51-65
CUST00969,66,Male,Bangalore,Yes,No,2023-05-26,65+
CUST00970,42,Male,Hyderabad,No,No,2023-04-03,36-50
CUST00971,26,Female,Bangalore,Yes,No,2023-01-19,26-35
CUST00972,54,Female,Hyderabad,Yes,Yes,2023-05-10,51-65
CUST00973,23,Female,Hyderabad,Yes,No,2023-05-21,18-25
CUST00974,58,Female,Chennai,Yes,Yes,2023-06-09,51-65
CUST00975,40,Male,Bangalore,No,No,2023-02-02,36-50
CUST00976,44,Male,Chennai,Yes,No,2023-04-11,36-50
CUST00977,57,Female,Bangalore,Yes,No,2023-03-28,51-65
CUST00978,28,Female,Hyderabad,Yes,Yes,2023-02-06,26-35
CUST00979,28,Male,Bangalore,Yes,Yes,2023-06-04,26-35
CUST00980,55,Female,Hyderabad,Yes,No,2023-05-09,51-65
CUST00981,31,Male,Chennai,Yes,Yes,2023-01-12,26-35
CUST00982,24,Male,Bangalore,Yes,Yes,2023-02-05,18-25
CUST00983,39,Female,Bangalore,No,Yes,2023-05-02,36-50
CUST00984,33,Female,Chennai,Yes,Yes,2023-02-08,26-35
CUST00985,74,Male,Hyderabad,No,No,2023-03-25,65+
CUST00986,41,Female,Hyderabad,No,Yes,2023-02-11,36-50
CUST00987,47,Female,Hyderabad,No,Yes,2023-06-07,36-50
CUST00988,46,Female,Chennai,No,Yes,2023-06-01,36-50
CUST00989,43,Female,Bangalore,Yes,Yes,2023-05-10,36-50
CUST00990,41,Female,Bangalore,No,No,2023-05-25,36-50
CUST00991,29,Female,Bangalore,No,Yes,2023-05-02,26-35
CUST00992,40,Male,Chennai,No,Yes,2023-04-05,36-50
CUST00993,37,Female,Chennai,Yes,No,2023-06-22,36-50
CUST00994,34,Male,Hyderabad,Yes,No,2023-04-17,26-35
CUST00995,41,Female,Bangalore,No,No,2023-06-26,36-50
CUST00996,66,Male,Hyderabad,Yes,No,2023-06-02,65+
CUST00997,60,Female,Hyderabad,No,No,2023-03-09,51-65
CUST00998,53,Male,Bangalore,No,Yes,2023-01-14,51-65
CUST00999,46,Female,Bangalore,Yes,Yes,2023-02-13,36-50
CUST01000,74,Female,Hyderabad,No,Yes,2023-02-07,65+
CUST01001,37,Male,Chennai,Yes,Yes,2023-01-09,36-50
CUST01002,43,Male,Hyderabad,No,Yes,2023-02-18,36-50
CUST01003,49,Male,Hyderabad,No,No,2023-04-23,36-50
CUST01004,44,Female,Hyderabad,Yes,No,2023-04-18,36-50
CUST01005,40,Male,Hyderabad,Yes,No,2023-04-16,36-50
CUST01006,68,Male,Chennai,Yes,No,2023-04-16,65+
CUST01007,27,Female,Bangalore,No,No,2023-01-16,26-35
CUST01008,56,Male,Hyderabad,No,No,2023-05-13,51-65
CUST01009,56,Male,Hyderabad,No,No,2023-05-24,51-65
CUST01010,59,Female,Chennai,Yes,No,2023-06-19,51-65
CUST01011,55,Female,Hyderabad,Yes,Yes,2023-05-15,51-65
CUST01012,23,Female,Bangalore,No,Yes,2023-03-22,18-25
CUST01013,58,Male,Chennai,Yes,No,2023-04-28,51-65
CUST01014,70,Female,Chennai,No,No,2023-05-20,65+
CUST01015,44,Female,Hyderabad,Yes,Yes,2023-06-23,36-50
CUST01016,52,Female,Bangalore,No,No,2023-06-06,51-65
CUST01017,26,Female,Chennai,Yes,No,2023-02-19,26-35
CUST01018,34,Male,Hyderabad,Yes,Yes,2023-03-13,26-35
CUST01019,61,Female,Hyderabad,No,No,2023-02-27,51-65
CUST01020,57,Female,Hyderabad,No,No,2023-03-15,51-65
CUST01021,27,Male,Chennai,Yes,Yes,2023-06-26,26-35
CUST01022,77,Female,Bangalore,Yes,No,2023-03-23,65+
CUST01023,40,Female,Hyderabad,No,No,2023-03-31,36-50
CUST01024,33,Female,Chennai,Yes,Yes,2023-03-15,26-35
CUST01025,35,Male,Hyderabad,No,No,2023-05-27,26-35
CUST01026,42,Female,Chennai,No,No,2023-04-12,36-50
CUST01027,21,Female,Hyderabad,Yes,Yes,2023-02-07,18-25
CUST01028,55,Female,Hyderabad,No,No,2023-01-11,51-65
CUST01029,50,Female,Hyderabad,Yes,Yes,2023-01-21,36-50
CUST01030,46,Female,Chennai,Yes,No,2023-04-24,36-50
CUST01031,49,Female,Chennai,Yes,No,2023-05-03,36-50
CUST01032,56,Male,Hyderabad,Yes,Yes,2023-02-21,51-65
CUST01033,73,Female,Chennai,Yes,No,2023-05-24,65+
CUST01034,44,Female,Bangalore,Yes,Yes,2023-02-05,36-50
CUST01035,34,Male,Bangalore,Yes,Yes,2023-06-07,26-35
CUST01036,39,Male,Hyderabad,No,No,2023-03-04,36-50
CUST01037,21,Male,Chennai,Yes,Yes,2023-06-21,18-25
CUST01038,46,Male,Hyderabad,No,Yes,2023-06-13,36-50
CUST01039,54,Male,Hyderabad,No,No,2023-01-14,51-65
CUST01040,39,Male,Hyderabad,Yes,Yes,2023-04-16,36-50
CUST01041,78,Female,Hyderabad,Yes,No,2023-05-01,65+
CUST01042,39,Male,Hyderabad,Yes,Yes,2023-06-24,36-50
CUST01043,34,Male,Bangalore,Yes,No,2023-01-02,26-35
CUST01044,44,Male,Chennai,No,Yes,2023-04-15,36-50
CUST01045,77,Female,Hyderabad,Yes,No,2023-05-03,65+
CUST01046,67,Male,Hyderabad,Yes,No,2023-03-15,65+
CUST01047,47,Female,Hyderabad,Yes,No,2023-03-15,36-50
CUST01048,58,Male,Hyderabad,Yes,No,2023-01-23,51-65
CUST01049,37,Male,Bangalore,No,No,2023-05-17,36-50
CUST01050,46,Male,Hyderabad,No,No,2023-02-14,36-50
CUST01051,29,Female,Bangalore,Yes,No,2023-02-15,26-35
CUST01052,68,Male,Bangalore,No,No,2023-04-12,65+
CUST01053,58,Female,Hyderabad,Yes,No,2023-02-17,51-65
CUST01054,37,Female,Hyderabad,Yes,No,2023-01-10,36-50
CUST01055,64,Male,Hyderabad,No,No,2023-03-18,51-65
CUST01056,25,Male,Bangalore,Yes,Yes,2023-03-27,18-25
CUST01057,42,Female,Hyderabad,No,No,2023-04-27,36-50
CUST01058,66,Female,Bangalore,Yes,Yes,2023-02-04,65+
CUST01059,56,Female,Bangalore,No,Yes,2023-03-11,51-65
CUST01060,61,Male,Bangalore,Yes,No,2023-01-29,51-65
CUST01061,22,Female,Chennai,Yes,No,2023-02-11,18-25
CUST01062,59,Female,Hyderabad,Yes,No,2023-06-15,51-65
CUST01063,58,Female,Hyderabad,Yes,No,2023-02-17,51-65
CUST01064,72,Male,Hyderabad,Yes,No,2023-03-28,65+
CUST01065,58,Female,Hyderabad,Yes,No,2023-05-26,51-65
CUST01066,43,Male,Chennai,Yes,No,2023-02-14,36-50
CUST01067,55,Female,Hyderabad,Yes,No,2023-04-20,51-65
CUST01068,24,Female,Bangalore,Yes,Yes,2023-01-23,18-25
CUST01069,25,Female,Chennai,No,No,2023-06-21,18-25
CUST01070,49,Male,Hyderabad,No,No,2023-02-17,36-50
CUST01071,23,Male,Hyderabad,No,No,2023-05-03,18-25
CUST01072,58,Female,Bangalore,No,Yes,2023-03-05,51-65
CUST01073,52,Male,Hyderabad,Yes,Yes,2023-03-08,51-65
CUST01074,74,Female,Bangalore,No,Yes,2023-03-02,65+
CUST01075,25,Female,Hyderabad,Yes,No,2023-03-10,18-25
CUST01076,60,Female,Chennai,Yes,No,2023-03-19,51-65
CUST01077,74,Male,Chennai,Yes,No,2023-03-08,65+
CUST01078,36,Female,Bangalore,No,No,2023-06-27,36-50
CUST01079,21,Male,Hyderabad,No,No,2023-01-16,18-25
CUST01080,46,Male,Bangalore,Yes,No,2023-04-30,36-50
CUST01081,42,Female,Bangalore,Yes,No,2023-02-10,36-50
CUST01082,64,Female,Bangalore,No,Yes,2023-06-25,51-65
CUST01083,48,Female,Hyderabad,Yes,Yes,2023-06-26,36-50
CUST01084,42,Male,Bangalore,No,No,2023-06-13,36-50
CUST01085,39,Female,Hyderabad,Yes,Yes,2023-04-05,36-50
CUST01086,49,Male,Chennai,Yes,No,2023-02-26,36-50
CUST01087,54,Male,Hyderabad,Yes,No,2023-05-03,51-65
CUST01088,55,Male,Hyderabad,Yes,Yes,2023-04-27,51-65
CUST01089,59,Female,Chennai,No,Yes,2023-04-17,51-65
CUST01090,49,Female,Hyderabad,Yes,No,2023-05-18,36-50
CUST01091,56,Male,Hyderabad,No,Yes,2023-03-05,51-65
CUST01092,76,Male,Hyderabad,Yes,Yes,2023-05-15,65+
CUST01093,70,Female,Hyderabad,Yes,No,2023-05-16,65+
CUST01094,56,Female,Hyderabad,Yes,No,2023-01-20,51-65
CUST01095,37,Male,Hyderabad,Yes,Yes,2023-01-16,36-50
CUST01096,77,Male,Bangalore,Yes,No,2023-05-27,65+
CUST01097,59,Male,Hyderabad,Yes,No,2023-02-12,51-65
CUST01098,35,Female,Chennai,Yes,No,2023-05-14,26-35
CUST01099,57,Female,Bangalore,Yes,No,2023-01-30,51-65
CUST01100,31,Male,Hyderabad,Yes,No,2023-05-30,26-35
CUST01101,41,Female,Hyderabad,Yes,No,2023-01-24,36-50
CUST01102,55,Female,Hyderabad,No,No,2023-01-15,51-65
CUST01103,38,Female,Hyderabad,Yes,Yes,2023-02-03,36-50
CUST01104,64,Female,Hyderabad,No,Yes,2023-04-27,51-65
CUST01105,46,Male,Chennai,Yes,Yes,2023-05-24,36-50
CUST01106,26,Female,Bangalore,Yes,No,2023-06-22,26-35
CUST01107,41,Female,Chennai,Yes,No,2023-01-06,36-50
CUST01108,76,Female,Hyderabad,Yes,No,2023-03-07,65+
CUST01109,52,Male,Hyderabad,Yes,No,2023-02-25,51-65
CUST01110,72,Male,Hyderabad,Yes,No,2023-01-12,65+
CUST01111,49,Female,Hyderabad,Yes,No,2023-03-30,36-50
CUST01112,64,Male,Chennai,Yes,Yes,2023-05-19,51-65
CUST01113,44,Male,Bangalore,Yes,Yes,2023-01-18,36-50
CUST01114,61,Female,Hyderabad,Yes,No,2023-01-09,51-65
CUST01115,60,Female,Chennai,Yes,No,2023-04-15,51-65
CUST01116,47,Male,Bangalore,Yes,No,2023-02-04,36-50
CUST01117,78,Female,Chennai,Yes,Yes,2023-04-06,65+
CUST01118,38,Female,Hyderabad,Yes,Yes,2023-04-25,36-50
CUST01119,41,Female,Chennai,Yes,No,2023-04-07,36-50
CUST01120,32,Male,Bangalore,Yes,No,2023-06-24,26-35
CUST01121,49,Male,Chennai,Yes,Yes,2023-06-17,36-50
CUST01122,50,Female,Bangalore,No,Yes,2023-01-31,36-50
CUST01123,25,Male,Bangalore,Yes,Yes,2023-05-18,18-25
CUST01124,54,Female,Hyderabad,Yes,Yes,2023-05-16,51-65
CUST01125,59,Male,Bangalore,Yes,Yes,2023-02-27,51-65
CUST01126,51,Male,Bangalore,Yes,No,2023-01-06,51-65
CUST01127,19,Female,Hyderabad,Yes,Yes,2023-04-29,18-25
CUST01128,60,Female,Hyderabad,No,Yes,2023-05-17,51-65
CUST01129,37,Female,Bangalore,Yes,No,2023-02-28,36-50
CUST01130,37,Male,Hyderabad,No,Yes,2023-04-28,36-50
CUST01131,36,Female,Hyderabad,Yes,Yes,2023-02-09,36-50
CUST01132,26,Female,Bangalore,No,Yes,2023-02-18,26-35
CUST01133,42,Male,Hyderabad,Yes,No,2023-01-09,36-50
CUST01134,62,Female,Chennai,Yes,No,2023-06-07,51-65
CUST01135,51,Male,Hyderabad,Yes,No,2023-03-03,51-65
CUST01136,52,Male,Bangalore,Yes,No,2023-01-18,51-65
CUST01137,72,Male,Chennai,No,No,2023-06-02,65+
CUST01138,59,Male,Chennai,No,No,2023-04-25,51-65
CUST01139,48,Male,Chennai,Yes,Yes,2023-03-04,36-50
CUST01140,47,Male,Bangalore,Yes,No,2023-04-13,36-50
CUST01141,48,Female,Bangalore,Yes,No,2023-03-01,36-50
CUST01142,32,Male,Hyderabad,Yes,No,2023-01-15,26-35
CUST01143,48,Male,Hyderabad,Yes,Yes,2023-05-09,36-50
CUST01144,72,Female,Bangalore,Yes,No,2023-03-01,65+
CUST01145,49,Female,Bangalore,Yes,Yes,2023-05-28,36-50
CUST01146,43,Female,Hyderabad,Yes,No,2023-03-02,36-50
CUST01147,27,Female,Hyderabad,No,No,2023-02-06,26-35
CUST01148,38,Male,Bangalore,Yes,Yes,2023-04-16,36-50
CUST01149,34,Female,Hyderabad,Yes,Yes,2023-03-12,26-35
CUST01150,27,Male,Bangalore,No,Yes,2023-05-23,26-35
CUST01151,33,Male,Hyderabad,No,Yes,2023-06-10,26-35
CUST01152,68,Female,Chennai,Yes,Yes,2023-05-23,65+
CUST01153,77,Female,Hyderabad,Yes,No,2023-01-13,65+
CUST01154,57,Female,Hyderabad,Yes,No,2023-06-14,51-65
CUST01155,44,Female,Chennai,No,Yes,2023-05-15,36-50
CUST01156,37,Female,Chennai,Yes,No,2023-06-28,36-50
CUST01157,53,Female,Hyderabad,Yes,No,2023-04-15,51-65
CUST01158,41,Male,Bangalore,Yes,No,2023-03-18,36-50
CUST01159,36,Female,Hyderabad,Yes,No,2023-02-17,36-50
CUST01160,27,Female,Bangalore,Yes,No,2023-03-03,26-35
CUST01161,20,Male,Hyderabad,Yes,No,2023-03-18,18-25
CUST01162,61,Male,Chennai,Yes,No,2023-04-29,51-65
CUST01163,52,Male,Hyderabad,Yes,Yes,2023-05-24,51-65
CUST01164,39,Female,Hyderabad,No,Yes,2023-04-17,36-50
CUST01165,50,Male,Hyderabad,No,Yes,2023-04-10,36-50
CUST01166,74,Male,Hyderabad,Yes,No,2023-03-07,65+
CUST01167,59,Male,Bangalore,No,No,2023-03-26,51-65
CUST01168,52,Male,Chennai,Yes,No,2023-04-26,51-65
CUST01169,43,Female,Hyderabad,No,No,2023-01-24,36-50
CUST01170,77,Male,Hyderabad,Yes,Yes,2023-01-14,65+
CUST01171,44,Female,Hyderabad,Yes,No,2023-04-07,36-50
CUST01172,55,Male,Bangalore,Yes,Yes,2023-01-19,51-65
CUST01173,50,Male,Chennai,No,No,2023-05-31,36-50
CUST01174,57,Male,Hyderabad,No,Yes,2023-05-03,51-65
CUST01175,31,Male,Chennai,No,Yes,2023-03-27,26-35
CUST01176,74,Female,Bangalore,Yes,No,2023-01-04,65+
CUST01177,46,Male,Hyderabad,No,No,2023-02-18,36-50
CUST01178,37,Male,Hyderabad,Yes,No,2023-05-03,36-50
CUST01179,79,Male,Bangalore,Yes,No,2023-06-28,65+
CUST01180,52,Male,Bangalore,Yes,No,2023-04-12,51-65
CUST01181,40,Male,Hyderabad,Yes,Yes,2023-05-22,36-50
CUST01182,44,Female,Chennai,No,Yes,2023-03-14,36-50
CUST01183,48,Female,Bangalore,Yes,No,2023-04-30,36-50
CUST01184,44,Female,Hyderabad,Yes,Yes,2023-03-20,36-50
CUST01185,78,Female,Chennai,Yes,No,2023-04-03,65+
CUST01186,40,Female,Chennai,Yes,Yes,2023-04-30,36-50
CUST01187,58,Male,Hyderabad,Yes,Yes,2023-05-01,51-65
CUST01188,67,Female,Bangalore,No,No,2023-02-22,65+
CUST01189,32,Female,Hyderabad,Yes,Yes,2023-03-22,26-35
CUST01190,59,Female,Hyderabad,Yes,Yes,2023-01-12,51-65
CUST01191,25,Male,Bangalore,No,Yes,2023-02-07,18-25
CUST01192,49,Male,Hyderabad,No,Yes,2023-03-08,36-50
CUST01193,57,Female,Chennai,Yes,No,2023-03-17,51-65
CUST01194,61,Male,Hyderabad,Yes,Yes,2023-02-20,51-65
CUST01195,48,Female,Chennai,Yes,Yes,2023-02-28,36-50
CUST01196,25,Female,Hyderabad,Yes,Yes,2023-05-26,18-25
CUST01197,46,Male,Hyderabad,Yes,No,2023-05-08,36-50
CUST01198,54,Female,Bangalore,Yes,No,2023-03-07,51-65
CUST01199,51,Female,Hyderabad,Yes,No,2023-06-14,51-65
CUST01200,54,Female,Hyderabad,Yes,Yes,2023-04-28,51-65
CUST01201,47,Male,Bangalore,Yes,No,2023-04-01,36-50
CUST01202,74,Male,Chennai,Yes,Yes,2023-02-05,65+
CUST01203,34,Female,Bangalore,Yes,Yes,2023-02-17,26-35
CUST01204,36,Male,Bangalore,Yes,No,2023-05-15,36-50
CUST01205,34,Male,Chennai,Yes,No,2023-01-20,26-35
CUST01206,66,Male,Hyderabad,No,Yes,2023-01-02,65+
CUST01207,55,Female,Hyderabad,Yes,No,2023-02-05,51-65
CUST01208,37,Male,Bangalore,No,Yes,2023-01-18,36-50
CUST01209,37,Male,Hyderabad,No,Yes,2023-01-03,36-50
CUST01210,47,Male,Bangalore,Yes,Yes,2023-05-10,36-50
CUST01211,56,Female,Bangalore,Yes,Yes,2023-04-06,51-65
CUST01212,43,Male,Chennai,No,No,2023-06-08,36-50
CUST01213,54,Female,Hyderabad,Yes,No,2023-06-18,51-65
CUST01214,69,Female,Hyderabad,Yes,Yes,2023-01-05,65+
CUST01215,54,Male,Hyderabad,Yes,No,2023-05-17,51-65
CUST01216,60,Female,Chennai,Yes,No,2023-01-04,51-65
CUST01217,39,Male,Bangalore,No,No,2023-05-16,36-50
CUST01218,39,Female,Hyderabad,Yes,No,2023-05-18,36-50
CUST01219,18,Female,Hyderabad,Yes,No,2023-01-05,18-25
CUST01220,51,Female,Bangalore,Yes,Yes,2023-02-15,51-65
CUST01221,60,Male,Hyderabad,Yes,No,2023-01-25,51-65
CUST01222,39,Male,Hyderabad,Yes,No,2023-03-03,36-50
CUST01223,46,Male,Bangalore,No,No,2023-06-08,36-50
CUST01224,27,Female,Chennai,No,Yes,2023-04-01,26-35
CUST01225,56,Female,Bangalore,No,No,2023-04-12,51-65
CUST01226,26,Male,Hyderabad,No,No,2023-04-06,26-35
CUST01227,47,Female,Bangalore,Yes,Yes,2023-04-28,36-50
CUST01228,33,Male,Hyderabad,Yes,No,2023-06-28,26-35
CUST01229,52,Male,Hyderabad,No,Yes,2023-03-18,51-65
CUST01230,55,Male,Hyderabad,Yes,No,2023-06-17,51-65
CUST01231,27,Male,Chennai,Yes,No,2023-01-24,26-35
CUST01232,25,Female,Hyderabad,Yes,Yes,2023-04-08,18-25
CUST01233,78,Female,Hyderabad,No,No,2023-05-22,65+
CUST01234,49,Female,Hyderabad,Yes,Yes,2023-01-15,36-50
CUST01235,58,Male,Hyderabad,No,No,2023-06-29,51-65
CUST01236,35,Male,Hyderabad,No,No,2023-01-22,26-35
CUST01237,55,Female,Chennai,Yes,Yes,2023-04-22,51-65
CUST01238,20,Female,Hyderabad,No,No,2023-05-25,18-25
CUST01239,50,Male,Bangalore,Yes,Yes,2023-05-16,36-50
CUST01240,59,Male,Hyderabad,No,No,2023-02-28,51-65
CUST01241,32,Male,Hyderabad,No,No,2023-06-27,26-35
CUST01242,57,Female,Bangalore,Yes,No,2023-03-11,51-65
CUST01243,71,Male,Hyderabad,Yes,No,2023-01-20,65+
CUST01244,39,Female,Hyderabad,Yes,Yes,2023-05-20,36-50
CUST01245,57,Male,Hyderabad,No,No,2023-02-15,51-65
CUST01246,32,Female,Hyderabad,No,Yes,2023-01-05,26-35
CUST01247,33,Male,Bangalore,Yes,No,2023-05-31,26-35
CUST01248,57,Male,Hyderabad,Yes,No,2023-04-12,51-65
CUST01249,49,Male,Bangalore,Yes,No,2023-03-18,36-50
CUST01250,69,Male,Chennai,Yes,Yes,2023-05-25,65+
CUST01251,50,Male,Hyderabad,Yes,Yes,2023-05-26,36-50
CUST01252,79,Female,Hyderabad,No,Yes,2023-06-23,65+
CUST01253,34,Female,Bangalore,No,Yes,2023-04-09,26-35
CUST01254,18,Male,Hyderabad,Yes,No,2023-06-26,18-25
CUST01255,34,Male,Hyderabad,No,Yes,2023-05-09,26-35
CUST01256,58,Female,Bangalore,Yes,No,2023-01-14,51-65
CUST01257,53,Male,Hyderabad,Yes,No,2023-04-22,51-65
CUST01258,40,Male,Bangalore,Yes,Yes,2023-01-20,36-50
CUST01259,37,Female,Bangalore,Yes,No,2023-06-04,36-50
CUST01260,32,Female,Chennai,Yes,No,2023-03-25,26-35
CUST01261,66,Male,Hyderabad,No,Yes,2023-06-12,65+
CUST01262,21,Female,Bangalore,No,Yes,2023-04-26,18-25
CUST01263,67,Female,Chennai,Yes,No,2023-02-28,65+
CUST01264,34,Female,Hyderabad,Yes,No,2023-05-22,26-35
CUST01265,23,Female,Bangalore,Yes,No,2023-04-21,18-25
CUST01266,47,Male,Bangalore,No,No,2023-06-24,36-50
CUST01267,47,Female,Chennai,Yes,No,2023-01-22,36-50
CUST01268,51,Female,Hyderabad,Yes,Yes,2023-03-05,51-65
CUST01269,22,Male,Hyderabad,Yes,Yes,2023-01-22,18-25
CUST01270,73,Female,Hyderabad,Yes,Yes,2023-02-09,65+
CUST01271,59,Female,Hyderabad,Yes,Yes,2023-06-12,51-65
CUST01272,71,Male,Chennai,Yes,No,2023-04-10,65+
CUST01273,55,Female,Chennai,No,Yes,2023-04-03,51-65
CUST01274,53,Male,Bangalore,Yes,Yes,2023-01-24,51-65
CUST01275,39,Male,Hyderabad,No,No,2023-03-20,36-50
CUST01276,35,Female,Bangalore,No,No,2023-04-03,26-35
CUST01277,19,Female,Hyderabad,Yes,No,2023-01-27,18-25
CUST01278,54,Male,Hyderabad,No,Yes,2023-01-23,51-65
CUST01279,56,Male,Bangalore,No,No,2023-04-21,51-65
CUST01280,69,Female,Hyderabad,Yes,No,2023-05-23,65+
CUST01281,39,Female,Hyderabad,Yes,Yes,2023-01-27,36-50
CUST01282,67,Male,Bangalore,Yes,Yes,2023-01-23,65+
CUST01283,62,Female,Hyderabad,Yes,No,2023-05-22,51-65
CUST01284,52,Male,Bangalore,No,No,2023-06-02,51-65
CUST01285,48,Female,Bangalore,Yes,Yes,2023-04-09,36-50
CUST01286,58,Male,Hyderabad,Yes,No,2023-03-16,51-65
CUST01287,57,Female,Chennai,Yes,No,2023-04-10,51-65
CUST01288,43,Male,Hyderabad,Yes,No,2023-05-24,36-50
CUST01289,79,Male,Chennai,No,No,2023-05-27,65+
CUST01290,24,Male,Hyderabad,Yes,No,2023-06-25,18-25
CUST01291,52,Female,Bangalore,No,No,2023-02-13,51-65
CUST01292,72,Male,Chennai,Yes,Yes,2023-03-10,65+
CUST01293,51,Female,Bangalore,No,Yes,2023-03-10,51-65
CUST01294,19,Female,Hyderabad,No,Yes,2023-02-07,18-25
CUST01295,68,Male,Hyderabad,No,No,2023-02-12,65+
CUST01296,56,Female,Hyderabad,Yes,No,2023-03-12,51-65
CUST01297,62,Female,Chennai,Yes,Yes,2023-03-18,51-65
CUST01298,49,Female,Bangalore,Yes,Yes,2023-01-20,36-50
CUST01299,42,Female,Hyderabad,No,No,2023-03-06,36-50
CUST01300,40,Male,Chennai,Yes,No,2023-06-10,36-50
CUST01301,50,Female,Hyderabad,Yes,No,2023-06-02,36-50
CUST01302,54,Male,Hyderabad,Yes,Yes,2023-04-28,51-65
CUST01303,35,Male,Chennai,Yes,No,2023-02-04,26-35
CUST01304,51,Female,Hyderabad,Yes,No,2023-01-02,51-65
CUST01305,21,Female,Hyderabad,Yes,Yes,2023-03-27,18-25
CUST01306,51,Female,Bangalore,No,No,2023-03-26,51-65
CUST01307,69,Female,Hyderabad,No,No,2023-03-27,65+
CUST01308,50,Female,Hyderabad,Yes,Yes,2023-06-16,36-50
CUST01309,36,Male,Hyderabad,Yes,No,2023-03-18,36-50
CUST01310,58,Female,Hyderabad,No,Yes,2023-06-04,51-65
CUST01311,49,Male,Hyderabad,No,No,2023-05-03,36-50
CUST01312,59,Female,Hyderabad,No,Yes,2023-02-15,51-65
CUST01313,24,Female,Hyderabad,Yes,No,2023-03-23,18-25
CUST01314,65,Female,Bangalore,No,Yes,2023-06-27,51-65
CUST01315,23,Female,Bangalore,Yes,Yes,2023-05-28,18-25
CUST01316,72,Male,Hyderabad,Yes,No,2023-03-25,65+
CUST01317,48,Female,Hyderabad,No,Yes,2023-03-13,36-50
CUST01318,52,Female,Hyderabad,No,No,2023-04-04,51-65
CUST01319,59,Male,Hyderabad,Yes,Yes,2023-05-25,51-65
CUST01320,73,Male,Hyderabad,Yes,Yes,2023-06-01,65+
CUST01321,58,Male,Hyderabad,Yes,No,2023-06-24,51-65
CUST01322,58,Male,Hyderabad,No,No,2023-04-29,51-65
CUST01323,29,Male,Hyderabad,Yes,No,2023-04-23,26-35
CUST01324,19,Female,Hyderabad,No,Yes,2023-06-27,18-25
CUST01325,35,Male,Chennai,Yes,Yes,2023-04-15,26-35
CUST01326,20,Female,Hyderabad,Yes,No,2023-02-05,18-25
CUST01327,25,Female,Chennai,No,Yes,2023-03-03,18-25
CUST01328,29,Female,Chennai,Yes,Yes,2023-06-18,26-35
CUST01329,26,Male,Bangalore,Yes,No,2023-04-19,26-35
CUST01330,58,Female,Hyderabad,No,No,2023-01-19,51-65
CUST01331,38,Female,Hyderabad,Yes,No,2023-06-03,36-50
CUST01332,44,Female,Hyderabad,Yes,Yes,2023-05-30,36-50
CUST01333,34,Female,Hyderabad,Yes,Yes,2023-05-17,26-35
CUST01334,32,Female,Hyderabad,Yes,No,2023-05-20,26-35
CUST01335,56,Male,Bangalore,Yes,No,2023-04-03,51-65
CUST01336,34,Male,Hyderabad,Yes,Yes,2023-01-28,26-35
CUST01337,51,Male,Hyderabad,Yes,Yes,2023-06-18,51-65
CUST01338,73,Female,Bangalore,Yes,No,2023-02-12,65+
CUST01339,20,Male,Chennai,Yes,No,2023-05-25,18-25
CUST01340,50,Female,Bangalore,Yes,Yes,2023-03-26,36-50
CUST01341,31,Female,Hyderabad,Yes,Yes,2023-01-28,26-35
CUST01342,60,Male,Hyderabad,Yes,Yes,2023-01-26,51-65
CUST01343,55,Female,Hyderabad,Yes,No,2023-02-26,51-65
CUST01344,63,Male,Hyderabad,No,No,2023-04-25,51-65
CUST01345,78,Female,Hyderabad,Yes,No,2023-04-11,65+
CUST01346,36,Female,Hyderabad,No,Yes,2023-06-23,36-50
CUST01347,54,Male,Bangalore,Yes,Yes,2023-03-30,51-65
CUST01348,25,Male,Hyderabad,Yes,Yes,2023-05-04,18-25
CUST01349,36,Male,Chennai,Yes,Yes,2023-03-17,36-50
CUST01350,38,Female,Bangalore,No,No,2023-01-22,36-50
CUST01351,19,Male,Bangalore,Yes,Yes,2023-02-06,18-25
CUST01352,37,Female,Hyderabad,No,Yes,2023-03-21,36-50
CUST01353,72,Female,Chennai,No,No,2023-04-27,65+
CUST01354,50,Male,Bangalore,Yes,No,2023-05-14,36-50
CUST01355,51,Female,Bangalore,No,No,2023-03-31,51-65
CUST01356,47,Female,Hyderabad,Yes,No,2023-01-25,36-50
CUST01357,43,Female,Hyderabad,Yes,Yes,2023-06-28,36-50
CUST01358,56,Female,Hyderabad,Yes,No,2023-03-23,51-65
CUST01359,65,Male,Hyderabad,Yes,Yes,2023-03-18,51-65
CUST01360,46,Male,Bangalore,No,Yes,2023-01-30,36-50
CUST01361,55,Male,Hyderabad,Yes,No,2023-03-29,51-65
CUST01362,35,Male,Bangalore,Yes,No,2023-06-23,26-35
CUST01363,47,Male,Hyderabad,Yes,Yes,2023-03-04,36-50
CUST01364,57,Male,Hyderabad,No,No,2023-05-22,51-65
CUST01365,77,Male,Hyderabad,No,No,2023-03-26,65+
CUST01366,31,Female,Hyderabad,No,No,2023-04-29,26-35
CUST01367,59,Male,Bangalore,Yes,Yes,2023-04-14,51-65
CUST01368,43,Male,Hyderabad,No,Yes,2023-02-17,36-50
CUST01369,44,Female,Hyderabad,Yes,Yes,2023-04-12,36-50
CUST01370,69,Male,Chennai,No,Yes,2023-06-07,65+
CUST01371,33,Male,Chennai,No,Yes,2023-04-26,26-35
CUST01372,50,Female,Bangalore,Yes,Yes,2023-04-10,36-50
CUST01373,22,Male,Hyderabad,No,No,2023-06-30,18-25
CUST01374,65,Male,Hyderabad,No,Yes,2023-02-22,51-65
CUST01375,63,Female,Chennai,Yes,Yes,2023-06-30,51-65
CUST01376,29,Male,Bangalore,No,No,2023-05-28,26-35
CUST01377,53,Male,Hyderabad,No,No,2023-05-18,51-65
CUST01378,51,Male,Hyderabad,No,No,2023-04-04,51-65
CUST01379,35,Female,Bangalore,Yes,No,2023-02-20,26-35
CUST01380,40,Female,Bangalore,No,No,2023-01-30,36-50
CUST01381,33,Female,Bangalore,Yes,Yes,2023-06-21,26-35
CUST01382,40,Female,Bangalore,Yes,No,2023-05-16,36-50
CUST01383,38,Female,Bangalore,No,No,2023-06-02,36-50
CUST01384,75,Female,Chennai,Yes,Yes,2023-06-06,65+
CUST01385,53,Female,Bangalore,Yes,No,2023-05-31,51-65
CUST01386,64,Male,Chennai,Yes,No,2023-03-31,51-65
CUST01387,21,Female,Hyderabad,Yes,No,2023-04-28,18-25
CUST01388,31,Male,Hyderabad,Yes,Yes,2023-06-22,26-35
CUST01389,70,Female,Hyderabad,Yes,Yes,2023-06-07,65+
CUST01390,51,Male,Hyderabad,No,Yes,2023-06-22,51-65
CUST01391,33,Male,Chennai,Yes,Yes,2023-03-22,26-35
CUST01392,41,Male,Bangalore,Yes,No,2023-03-03,36-50
CUST01393,53,Female,Hyderabad,Yes,Yes,2023-01-30,51-65
CUST01394,39,Male,Bangalore,No,Yes,2023-04-06,36-50
CUST01395,68,Male,Hyderabad,Yes,Yes,2023-05-11,65+
CUST01396,48,Female,Hyderabad,No,Yes,2023-04-18,36-50
CUST01397,50,Male,Bangalore,No,No,2023-05-28,36-50
CUST01398,55,Female,Hyderabad,Yes,No,2023-04-19,51-65
CUST01399,56,Male,Hyderabad,Yes,Yes,2023-05-05,51-65
CUST01400,33,Male,Hyderabad,Yes,Yes,2023-05-23,26-35
CUST01401,26,Male,Hyderabad,Yes,No,2023-05-06,26-35
CUST01402,48,Female,Hyderabad,No,No,2023-02-05,36-50
CUST01403,18,Male,Bangalore,No,No,2023-03-22,18-25
CUST01404,58,Female,Hyderabad,Yes,No,2023-06-08,51-65
CUST01405,52,Male,Hyderabad,Yes,Yes,2023-04-02,51-65
CUST01406,35,Male,Chennai,Yes,No,2023-05-05,26-35
CUST01407,39,Male,Bangalore,Yes,No,2023-02-19,36-50
CUST01408,51,Female,Hyderabad,Yes,No,2023-05-24,51-65
CUST01409,39,Female,Hyderabad,Yes,Yes,2023-04-15,36-50
CUST01410,41,Female,Chennai,Yes,No,2023-04-17,36-50
CUST01411,50,Female,Hyderabad,Yes,Yes,2023-05-06,36-50
CUST01412,49,Male,Hyderabad,Yes,Yes,2023-01-22,36-50
CUST01413,57,Male,Bangalore,Yes,No,2023-02-26,51-65
CUST01414,55,Female,Hyderabad,No,Yes,2023-01-09,51-65
CUST01415,37,Female,Hyderabad,Yes,No,2023-02-27,36-50
CUST01416,65,Female,Bangalore,Yes,No,2023-02-13,51-65
CUST01417,51,Female,Bangalore,Yes,Yes,2023-05-25,51-65
CUST01418,22,Female,Bangalore,No,No,2023-05-21,18-25
CUST01419,47,Male,Hyderabad,Yes,Yes,2023-05-27,36-50
CUST01420,36,Male,Bangalore,Yes,Yes,2023-03-10,36-50
CUST01421,72,Female,Hyderabad,Yes,Yes,2023-05-19,65+
CUST01422,40,Male,Chennai,Yes,No,2023-04-23,36-50
CUST01423,26,Male,Hyderabad,No,No,2023-04-19,26-35
CUST01424,29,Male,Hyderabad,Yes,No,2023-06-17,26-35
CUST01425,48,Male,Hyderabad,No,Yes,2023-03-18,36-50
CUST01426,43,Male,Bangalore,Yes,Yes,2023-04-26,36-50
CUST01427,46,Female,Hyderabad,No,Yes,2023-03-31,36-50
CUST01428,60,Male,Hyderabad,No,No,2023-04-23,51-65
CUST01429,51,Male,Bangalore,No,No,2023-03-02,51-65
CUST01430,22,Male,Hyderabad,Yes,No,2023-05-31,18-25
CUST01431,49,Female,Hyderabad,No,Yes,2023-06-06,36-50
CUST01432,73,Female,Hyderabad,No,No,2023-02-12,65+
CUST01433,49,Male,Hyderabad,Yes,No,2023-02-22,36-50
CUST01434,34,Male,Bangalore,Yes,No,2023-01-16,26-35
CUST01435,60,Female,Bangalore,No,No,2023-05-17,51-65
CUST01436,57,Female,Chennai,Yes,Yes,2023-06-02,51-65
CUST01437,20,Male,Hyderabad,No,Yes,2023-03-24,18-25
CUST01438,41,Female,Chennai,No,No,2023-03-16,36-50
CUST01439,53,Female,Hyderabad,Yes,No,2023-05-12,51-65
CUST01440,76,Male,Hyderabad,Yes,No,2023-02-04,65+
CUST01441,55,Female,Bangalore,Yes,No,2023-01-16,51-65
CUST01442,47,Female,Hyderabad,No,No,2023-06-17,36-50
CUST01443,23,Male,Hyderabad,Yes,Yes,2023-06-29,18-25
CUST01444,36,Male,Hyderabad,Yes,Yes,2023-03-05,36-50
CUST01445,56,Male,Hyderabad,Yes,No,2023-03-24,51-65
CUST01446,58,Male,Hyderabad,No,No,2023-06-23,51-65
CUST01447,38,Female,Hyderabad,Yes,No,2023-05-06,36-50
CUST01448,53,Male,Bangalore,Yes,Yes,2023-05-28,51-65
CUST01449,70,Female,Bangalore,Yes,Yes,2023-06-10,65+
CUST01450,38,Female,Chennai,No,No,2023-04-07,36-50
CUST01451,35,Female,Hyderabad,Yes,Yes,2023-01-20,26-35
CUST01452,27,Male,Chennai,Yes,No,2023-04-14,26-35
CUST01453,42,Female,Chennai,No,Yes,2023-06-27,36-50
CUST01454,20,Female,Hyderabad,Yes,No,2023-04-27,18-25
CUST01455,57,Female,Hyderabad,Yes,Yes,2023-03-25,51-65
CUST01456,57,Male,Hyderabad,Yes,Yes,2023-01-24,51-65
CUST01457,23,Female,Hyderabad,Yes,Yes,2023-06-12,18-25
CUST01458,54,Female,Bangalore,Yes,Yes,2023-01-17,51-65
CUST01459,35,Female,Bangalore,No,No,2023-02-25,26-35
CUST01460,48,Female,Bangalore,Yes,No,2023-02-24,36-50
CUST01461,34,Female,Bangalore,Yes,No,2023-03-10,26-35
CUST01462,49,Female,Hyderabad,No,No,2023-03-14,36-50
CUST01463,54,Female,Chennai,Yes,No,2023-05-21,51-65
CUST01464,31,Male,Hyderabad,Yes,Yes,2023-05-25,26-35
CUST01465,52,Female,Chennai,Yes,No,2023-03-29,51-65
CUST01466,69,Male,Bangalore,No,No,2023-01-12,65+
CUST01467,69,Male,Hyderabad,Yes,Yes,2023-06-10,65+
CUST01468,32,Female,Hyderabad,No,No,2023-01-05,26-35
CUST01469,69,Male,Hyderabad,No,Yes,2023-02-10,65+
CUST01470,74,Female,Hyderabad,Yes,No,2023-04-27,65+
CUST01471,35,Male,Bangalore,Yes,Yes,2023-04-20,26-35
CUST01472,50,Male,Chennai,Yes,No,2023-06-26,36-50
CUST01473,43,Male,Hyderabad,Yes,Yes,2023-06-16,36-50
CUST01474,52,Female,Hyderabad,No,No,2023-02-10,51-65
CUST01475,55,Female,Bangalore,No,No,2023-01-24,51-65
CUST01476,57,Female,Bangalore,Yes,Yes,2023-03-06,51-65
CUST01477,53,Male,Chennai,Yes,No,2023-04-06,51-65
CUST01478,73,Male,Chennai,Yes,Yes,2023-01-14,65+
CUST01479,27,Female,Hyderabad,Yes,No,2023-06-10,26-35
CUST01480,65,Female,Chennai,Yes,Yes,2023-06-29,51-65
CUST01481,25,Male,Bangalore,Yes,Yes,2023-04-20,18-25
CUST01482,42,Male,Hyderabad,Yes,Yes,2023-06-30,36-50
CUST01483,56,Male,Bangalore,Yes,Yes,2023-01-01,51-65
CUST01484,60,Male,Chennai,Yes,No,2023-05-03,51-65
CUST01485,27,Male,Chennai,Yes,No,2023-02-03,26-35
CUST01486,38,Male,Hyderabad,No,No,2023-05-13,36-50
CUST01487,74,Female,Bangalore,Yes,Yes,2023-01-03,65+
CUST01488,56,Male,Bangalore,No,Yes,2023-06-28,51-65
CUST01489,51,Female,Hyderabad,Yes,Yes,2023-01-31,51-65
CUST01490,24,Female,Hyderabad,Yes,Yes,2023-06-27,18-25
CUST01491,39,Male,Hyderabad,Yes,Yes,2023-05-03,36-50
CUST01492,49,Male,Hyderabad,Yes,Yes,2023-02-28,36-50
CUST01493,59,Female,Hyderabad,Yes,Yes,2023-01-23,51-65
CUST01494,73,Male,Chennai,Yes,No,2023-01-27,65+
CUST01495,64,Female,Bangalore,Yes,No,2023-04-05,51-65
CUST01496,23,Female,Bangalore,Yes,Yes,2023-02-05,18-25
CUST01497,32,Female,Bangalore,Yes,Yes,2023-02-04,26-35
CUST01498,67,Male,Bangalore,No,No,2023-01-18,65+
CUST01499,52,Male,Bangalore,No,Yes,2023-06-06,51-65
CUST01500,78,Male,Hyderabad,Yes,No,2023-04-23,65+
CUST01501,42,Female,Bangalore,Yes,No,2023-02-24,36-50
CUST01502,78,Male,Chennai,Yes,Yes,2023-04-16,65+
CUST01503,53,Female,Hyderabad,Yes,No,2023-02-25,51-65
CUST01504,18,Male,Bangalore,No,No,2023-01-26,18-25
CUST01505,58,Male,Chennai,Yes,Yes,2023-02-01,51-65
CUST01506,63,Female,Hyderabad,No,No,2023-03-31,51-65
CUST01507,20,Female,Hyderabad,Yes,Yes,2023-03-22,18-25
CUST01508,51,Male,Hyderabad,No,Yes,2023-03-05,51-65
CUST01509,71,Female,Chennai,Yes,Yes,2023-06-15,65+
CUST01510,31,Male,Chennai,Yes,Yes,2023-03-05,26-35
CUST01511,44,Female,Hyderabad,Yes,No,2023-06-26,36-50
CUST01512,18,Male,Bangalore,Yes,No,2023-06-18,18-25
CUST01513,65,Female,Chennai,No,Yes,2023-02-22,51-65
CUST01514,24,Male,Chennai,Yes,Yes,2023-04-11,18-25
CUST01515,39,Female,Hyderabad,Yes,No,2023-06-15,36-50
CUST01516,54,Male,Hyderabad,No,No,2023-03-03,51-65
CUST01517,37,Female,Hyderabad,Yes,Yes,2023-04-09,36-50
CUST01518,49,Male,Hyderabad,Yes,No,2023-03-03,36-50
CUST01519,38,Female,Hyderabad,Yes,Yes,2023-06-13,36-50
CUST01520,52,Male,Hyderabad,Yes,No,2023-05-16,51-65
CUST01521,47,Male,Bangalore,No,No,2023-04-03,36-50
CUST01522,48,Female,Hyderabad,Yes,Yes,2023-02-03,36-50
CUST01523,37,Female,Chennai,No,No,2023-05-26,36-50
CUST01524,54,Female,Hyderabad,No,Yes,2023-04-04,51-65
CUST01525,41,Male,Bangalore,Yes,No,2023-05-01,36-50
CUST01526,40,Male,Bangalore,No,No,2023-01-05,36-50
CUST01527,34,Male,Hyderabad,Yes,Yes,2023-01-04,26-35
CUST01528,43,Female,Bangalore,No,No,2023-02-25,36-50
CUST01529,72,Male,Bangalore,Yes,Yes,2023-01-16,65+
CUST01530,43,Female,Hyderabad,Yes,Yes,2023-05-10,36-50
CUST01531,20,Female,Hyderabad,Yes,No,2023-06-10,18-25
CUST01532,42,Female,Bangalore,Yes,No,2023-04-19,36-50
CUST01533,72,Female,Chennai,No,Yes,2023-01-22,65+
CUST01534,29,Male,Bangalore,Yes,Yes,2023-03-13,26-35
CUST01535,49,Male,Bangalore,Yes,Yes,2023-03-21,36-50
CUST01536,20,Male,Hyderabad,Yes,Yes,2023-05-11,18-25
CUST01537,55,Male,Hyderabad,Yes,No,2023-02-09,51-65
CUST01538,31,Female,Hyderabad,Yes,Yes,2023-04-11,26-35
CUST01539,39,Male,Chennai,Yes,No,2023-03-21,36-50
CUST01540,41,Female,Chennai,Yes,No,2023-03-03,36-50
CUST01541,51,Male,Chennai,No,No,2023-03-04,51-65
CUST01542,27,Male,Hyderabad,No,Yes,2023-04-22,26-35
CUST01543,68,Male,Hyderabad,Yes,Yes,2023-04-27,65+
CUST01544,25,Male,Bangalore,Yes,Yes,2023-03-21,18-25
CUST01545,18,Male,Chennai,No,Yes,2023-01-31,18-25
CUST01546,19,Male,Bangalore,No,Yes,2023-02-05,18-25
CUST01547,44,Male,Chennai,No,Yes,2023-02-11,36-50
CUST01548,40,Female,Hyderabad,Yes,No,2023-03-30,36-50
CUST01549,19,Female,Chennai,Yes,No,2023-02-12,18-25
CUST01550,23,Female,Bangalore,Yes,Yes,2023-02-02,18-25
CUST01551,24,Female,Hyderabad,Yes,No,2023-01-31,18-25
CUST01552,50,Male,Hyderabad,No,Yes,2023-03-27,36-50
CUST01553,63,Female,Bangalore,Yes,Yes,2023-03-11,51-65
CUST01554,39,Male,Hyderabad,Yes,Yes,2023-03-09,36-50
CUST01555,68,Male,Hyderabad,Yes,Yes,2023-05-08,65+
CUST01556,54,Female,Hyderabad,No,No,2023-05-11,51-65
CUST01557,76,Female,Hyderabad,No,Yes,2023-01-15,65+
CUST01558,54,Female,Chennai,No,No,2023-05-26,51-65
CUST01559,34,Male,Hyderabad,Yes,No,2023-04-05,26-35
CUST01560,48,Male,Hyderabad,No,No,2023-03-07,36-50
CUST01561,41,Male,Hyderabad,Yes,Yes,2023-05-27,36-50
CUST01562,47,Male,Hyderabad,Yes,No,2023-02-28,36-50
CUST01563,65,Male,Hyderabad,Yes,No,2023-01-12,51-65
CUST01564,74,Male,Bangalore,Yes,Yes,2023-03-04,65+
CUST01565,59,Male,Hyderabad,Yes,No,2023-05-01,51-65
CUST01566,26,Female,Hyderabad,Yes,Yes,2023-04-09,26-35
CUST01567,25,Male,Hyderabad,Yes,Yes,2023-02-15,18-25
CUST01568,59,Male,Chennai,No,No,2023-05-22,51-65
CUST01569,48,Female,Bangalore,No,No,2023-02-27,36-50
CUST01570,67,Female,Bangalore,No,No,2023-03-05,65+
CUST01571,21,Female,Bangalore,No,No,2023-03-23,18-25
CUST01572,38,Female,Hyderabad,Yes,No,2023-01-20,36-50
CUST01573,68,Female,Bangalore,No,No,2023-01-31,65+
CUST01574,40,Male,Bangalore,Yes,Yes,2023-02-15,36-50
CUST01575,57,Male,Bangalore,Yes,Yes,2023-05-13,51-65
CUST01576,77,Male,Hyderabad,Yes,Yes,2023-04-13,65+
CUST01577,65,Male,Hyderabad,No,Yes,2023-04-30,51-65
CUST01578,78,Female,Bangalore,Yes,Yes,2023-03-21,65+
CUST01579,68,Female,Hyderabad,Yes,Yes,2023-01-23,65+
CUST01580,33,Female,Bangalore,Yes,Yes,2023-01-03,26-35
CUST01581,73,Female,Hyderabad,Yes,No,2023-02-21,65+
CUST01582,72,Female,Bangalore,Yes,No,2023-05-25,65+
CUST01583,55,Female,Hyderabad,No,No,2023-06-09,51-65
CUST01584,73,Male,Hyderabad,No,No,2023-04-29,65+
CUST01585,47,Female,Hyderabad,No,No,2023-06-01,36-50
CUST01586,52,Female,Bangalore,Yes,No,2023-02-20,51-65
CUST01587,57,Male,Hyderabad,Yes,No,2023-02-08,51-65
CUST01588,44,Male,Chennai,Yes,Yes,2023-04-15,36-50
CUST01589,52,Male,Hyderabad,No,No,2023-03-01,51-65
CUST01590,63,Female,Chennai,Yes,No,2023-06-12,51-65
CUST01591,27,Male,Hyderabad,No,Yes,2023-03-27,26-35
CUST01592,47,Male,Hyderabad,No,Yes,2023-06-18,36-50
CUST01593,68,Female,Bangalore,Yes,No,2023-03-20,65+
CUST01594,43,Male,Bangalore,No,Yes,2023-02-22,36-50
CUST01595,77,Male,Hyderabad,Yes,No,2023-04-18,65+
CUST01596,57,Female,Hyderabad,Yes,No,2023-01-16,51-65
CUST01597,55,Male,Bangalore,Yes,No,2023-03-13,51-65
CUST01598,40,Male,Hyderabad,No,Yes,2023-01-12,36-50
CUST01599,52,Male,Hyderabad,Yes,Yes,2023-05-14,51-65
CUST01600,68,Female,Hyderabad,Yes,No,2023-06-29,65+
CUST01601,23,Female,Bangalore,No,Yes,2023-04-28,18-25
CUST01602,73,Male,Chennai,No,No,2023-05-29,65+
CUST01603,42,Male,Hyderabad,No,Yes,2023-05-10,36-50
CUST01604,52,Male,Bangalore,No,Yes,2023-06-13,51-65
CUST01605,51,Female,Chennai,No,No,2023-01-20,51-65
CUST01606,34,Male,Hyderabad,Yes,No,2023-04-22,26-35
CUST01607,58,Male,Chennai,Yes,No,2023-03-02,51-65
CUST01608,52,Female,Chennai,Yes,Yes,2023-03-08,51-65
CUST01609,33,Female,Bangalore,No,Yes,2023-04-11,26-35
CUST01610,25,Female,Chennai,No,No,2023-03-23,18-25
CUST01611,55,Female,Hyderabad,Yes,No,2023-03-11,51-65
CUST01612,35,Male,Chennai,Yes,Yes,2023-01-20,26-35
CUST01613,57,Male,Hyderabad,Yes,No,2023-02-04,51-65
CUST01614,26,Male,Chennai,No,Yes,2023-02-09,26-35
CUST01615,57,Male,Hyderabad,Yes,No,2023-02-12,51-65
CUST01616,51,Female,Hyderabad,Yes,Yes,2023-04-30,51-65
CUST01617,26,Female,Hyderabad,No,No,2023-04-15,26-35
CUST01618,24,Male,Hyderabad,Yes,No,2023-05-18,18-25
CUST01619,27,Female,Hyderabad,No,No,2023-02-23,26-35
CUST01620,35,Female,Hyderabad,Yes,Yes,2023-03-20,26-35
CUST01621,49,Female,Hyderabad,Yes,No,2023-03-09,36-50
CUST01622,36,Male,Hyderabad,No,Yes,2023-01-24,36-50
CUST01623,50,Male,Chennai,Yes,Yes,2023-06-25,36-50
CUST01624,34,Female,Bangalore,Yes,Yes,2023-06-30,26-35
CUST01625,66,Male,Chennai,No,No,2023-02-25,65+
CUST01626,50,Female,Hyderabad,Yes,Yes,2023-02-07,36-50
CUST01627,51,Male,Hyderabad,Yes,No,2023-03-05,51-65
CUST01628,48,Female,Bangalore,Yes,No,2023-04-12,36-50
CUST01629,61,Male,Hyderabad,Yes,No,2023-06-23,51-65
CUST01630,44,Female,Hyderabad,Yes,Yes,2023-03-08,36-50
CUST01631,25,Male,Hyderabad,Yes,No,2023-01-08,18-25
CUST01632,48,Female,Hyderabad,Yes,No,2023-04-26,36-50
CUST01633,48,Male,Bangalore,Yes,Yes,2023-01-25,36-50
CUST01634,67,Female,Hyderabad,No,No,2023-01-27,65+
CUST01635,54,Male,Bangalore,No,No,2023-02-01,51-65
CUST01636,29,Male,Hyderabad,Yes,No,2023-01-16,26-35
CUST01637,40,Male,Hyderabad,No,No,2023-02-03,36-50
CUST01638,25,Male,Bangalore,Yes,No,2023-04-13,18-25
CUST01639,35,Female,Hyderabad,No,Yes,2023-06-25,26-35
CUST01640,74,Male,Hyderabad,No,No,2023-05-30,65+
CUST01641,70,Female,Chennai,No,No,2023-01-20,65+
CUST01642,34,Male,Bangalore,Yes,Yes,2023-01-17,26-35
CUST01643,59,Male,Hyderabad,Yes,Yes,2023-06-15,51-65
CUST01644,53,Female,Hyderabad,Yes,Yes,2023-02-02,51-65
CUST01645,55,Male,Bangalore,Yes,No,2023-03-26,51-65
CUST01646,64,Male,Hyderabad,Yes,No,2023-01-11,51-65
CUST01647,67,Female,Bangalore,No,Yes,2023-01-13,65+
CUST01648,57,Male,Hyderabad,No,Yes,2023-05-27,51-65
CUST01649,62,Female,Hyderabad,No,Yes,2023-04-12,51-65
CUST01650,37,Female,Chennai,No,Yes,2023-01-08,36-50
CUST01651,49,Female,Hyderabad,Yes,No,2023-06-24,36-50
CUST01652,26,Female,Hyderabad,No,No,2023-02-14,26-35
CUST01653,72,Female,Bangalore,No,Yes,2023-02-24,65+
CUST01654,56,Male,Chennai,Yes,No,2023-03-12,51-65
CUST01655,39,Female,Hyderabad,No,No,2023-04-25,36-50
CUST01656,75,Male,Hyderabad,Yes,Yes,2023-01-09,65+
CUST01657,53,Male,Hyderabad,Yes,Yes,2023-06-15,51-65
CUST01658,32,Female,Bangalore,Yes,Yes,2023-05-08,26-35
CUST01659,47,Female,Hyderabad,Yes,Yes,2023-05-21,36-50
CUST01660,42,Female,Bangalore,Yes,No,2023-01-16,36-50
CUST01661,22,Male,Bangalore,Yes,Yes,2023-03-13,18-25
CUST01662,43,Female,Bangalore,Yes,Yes,2023-02-05,36-50
CUST01663,44,Female,Chennai,Yes,No,2023-02-21,36-50
CUST01664,58,Male,Hyderabad,Yes,No,2023-06-11,51-65
CUST01665,63,Male,Hyderabad,No,Yes,2023-04-08,51-65
CUST01666,63,Female,Hyderabad,Yes,No,2023-05-03,51-65
CUST01667,50,Female,Chennai,Yes,No,2023-03-30,36-50
CUST01668,62,Female,Chennai,Yes,No,2023-04-10,51-65
CUST01669,53,Female,Hyderabad,No,No,2023-02-16,51-65
CUST01670,37,Male,Hyderabad,Yes,Yes,2023-03-23,36-50
CUST01671,41,Male,Chennai,No,Yes,2023-01-08,36-50
CUST01672,19,Female,Bangalore,Yes,No,2023-01-15,18-25
CUST01673,27,Female,Hyderabad,Yes,No,2023-05-16,26-35
CUST01674,52,Female,Chennai,Yes,Yes,2023-05-30,51-65
CUST01675,43,Male,Hyderabad,Yes,Yes,2023-02-10,36-50
CUST01676,38,Male,Bangalore,Yes,Yes,2023-03-05,36-50
CUST01677,40,Male,Hyderabad,Yes,No,2023-03-10,36-50
CUST01678,56,Male,Chennai,No,No,2023-02-26,51-65
CUST01679,18,Female,Hyderabad,No,No,2023-04-01,18-25
CUST01680,50,Male,Bangalore,No,Yes,2023-02-15,36-50
CUST01681,46,Male,Hyderabad,Yes,No,2023-06-01,36-50
CUST01682,55,Female,Hyderabad,No,Yes,2023-06-28,51-65
CUST01683,43,Female,Hyderabad,Yes,Yes,2023-06-01,36-50
CUST01684,50,Male,Bangalore,No,No,2023-06-30,36-50
CUST01685,48,Female,Hyderabad,Yes,No,2023-05-26,36-50
CUST01686,46,Male,Chennai,Yes,No,2023-05-25,36-50
CUST01687,31,Male,Hyderabad,No,Yes,2023-05-07,26-35
CUST01688,49,Female,Hyderabad,Yes,No,2023-02-14,36-50
CUST01689,42,Female,Chennai,Yes,No,2023-01-10,36-50
CUST01690,33,Male,Hyderabad,Yes,No,2023-01-15,26-35
CUST01691,55,Male,Hyderabad,Yes,No,2023-06-04,51-65
CUST01692,35,Male,Chennai,No,No,2023-01-06,26-35
CUST01693,31,Female,Hyderabad,No,No,2023-01-01,26-35
CUST01694,25,Female,Chennai,No,Yes,2023-06-07,18-25
CUST01695,53,Male,Chennai,Yes,Yes,2023-02-03,51-65
CUST01696,50,Female,Chennai,No,Yes,2023-02-15,36-50
CUST01697,47,Female,Hyderabad,Yes,No,2023-01-16,36-50
CUST01698,75,Male,Bangalore,No,Yes,2023-02-07,65+
CUST01699,77,Male,Hyderabad,Yes,No,2023-01-29,65+
CUST01700,56,Female,Hyderabad,Yes,Yes,2023-01-19,51-65
CUST01701,23,Female,Hyderabad,Yes,Yes,2023-06-30,18-25
CUST01702,56,Female,Bangalore,Yes,No,2023-05-31,51-65
CUST01703,74,Male,Hyderabad,Yes,No,2023-03-28,65+
CUST01704,53,Female,Hyderabad,Yes,No,2023-03-24,51-65
CUST01705,73,Male,Bangalore,Yes,No,2023-02-10,65+
CUST01706,28,Female,Bangalore,No,No,2023-06-13,26-35
CUST01707,26,Female,Hyderabad,Yes,Yes,2023-06-16,26-35
CUST01708,49,Female,Hyderabad,Yes,Yes,2023-02-14,36-50
CUST01709,77,Female,Hyderabad,Yes,Yes,2023-02-27,65+
CUST01710,66,Male,Hyderabad,Yes,No,2023-04-07,65+
CUST01711,31,Female,Chennai,Yes,Yes,2023-06-26,26-35
CUST01712,33,Female,Hyderabad,Yes,No,2023-02-02,26-35
CUST01713,58,Male,Hyderabad,Yes,No,2023-01-01,51-65
CUST01714,77,Female,Bangalore,Yes,No,2023-05-26,65+
CUST01715,36,Male,Chennai,Yes,Yes,2023-02-16,36-50
CUST01716,43,Female,Chennai,No,No,2023-06-06,36-50
CUST01717,49,Male,Hyderabad,No,No,2023-06-13,36-50
CUST01718,34,Male,Chennai,Yes,No,2023-05-08,26-35
CUST01719,36,Male,Chennai,Yes,Yes,2023-03-26,36-50
CUST01720,58,Male,Hyderabad,Yes,Yes,2023-03-02,51-65
CUST01721,50,Female,Chennai,Yes,No,2023-03-23,36-50
CUST01722,55,Male,Hyderabad,No,Yes,2023-06-12,51-65
CUST01723,47,Male,Bangalore,Yes,No,2023-06-21,36-50
CUST01724,73,Female,Hyderabad,Yes,Yes,2023-04-25,65+
CUST01725,32,Male,Hyderabad,No,No,2023-03-09,26-35
CUST01726,64,Male,Bangalore,No,No,2023-03-05,51-65
CUST01727,46,Male,Hyderabad,Yes,Yes,2023-03-31,36-50
CUST01728,18,Female,Chennai,No,No,2023-01-28,18-25
CUST01729,49,Male,Bangalore,Yes,Yes,2023-01-13,36-50
CUST01730,55,Female,Hyderabad,Yes,No,2023-04-23,51-65
CUST01731,55,Female,Bangalore,Yes,No,2023-02-12,51-65
CUST01732,39,Female,Hyderabad,No,No,2023-05-07,36-50
CUST01733,65,Female,Hyderabad,No,No,2023-03-31,51-65
CUST01734,55,Female,Hyderabad,No,Yes,2023-01-26,51-65
CUST01735,58,Female,Hyderabad,Yes,No,2023-05-28,51-65
CUST01736,52,Male,Bangalore,Yes,No,2023-02-11,51-65
CUST01737,53,Female,Chennai,No,No,2023-01-19,51-65
CUST01738,34,Male,Bangalore,No,Yes,2023-03-17,26-35
CUST01739,56,Male,Chennai,Yes,Yes,2023-03-23,51-65
CUST01740,62,Female,Hyderabad,No,Yes,2023-01-27,51-65
CUST01741,36,Male,Hyderabad,Yes,No,2023-03-29,36-50
CUST01742,54,Male,Bangalore,Yes,No,2023-04-07,51-65
CUST01743,49,Male,Hyderabad,No,No,2023-01-20,36-50
CUST01744,59,Male,Bangalore,Yes,No,2023-03-28,51-65
CUST01745,70,Female,Hyderabad,Yes,No,2023-06-30,65+
CUST01746,42,Male,Bangalore,Yes,Yes,2023-04-21,36-50
CUST01747,76,Male,Hyderabad,No,Yes,2023-06-05,65+
CUST01748,42,Female,Hyderabad,No,Yes,2023-02-10,36-50
CUST01749,33,Male,Hyderabad,No,Yes,2023-01-26,26-35
CUST01750,59,Female,Hyderabad,No,Yes,2023-02-22,51-65
CUST01751,26,Male,Bangalore,No,Yes,2023-04-15,26-35
CUST01752,71,Female,Chennai,No,No,2023-06-19,65+
CUST01753,70,Female,Bangalore,Yes,Yes,2023-03-18,65+
CUST01754,37,Male,Bangalore,No,No,2023-01-25,36-50
CUST01755,48,Male,Bangalore,Yes,No,2023-04-11,36-50
CUST01756,47,Female,Bangalore,No,Yes,2023-02-09,36-50
CUST01757,29,Male,Chennai,No,Yes,2023-04-03,26-35
CUST01758,28,Male,Hyderabad,Yes,Yes,2023-04-20,26-35
CUST01759,35,Male,Chennai,Yes,Yes,2023-03-17,26-35
CUST01760,42,Female,Chennai,Yes,No,2023-02-21,36-50
CUST01761,75,Male,Bangalore,No,No,2023-01-07,65+
CUST01762,66,Male,Chennai,No,No,2023-02-13,65+
CUST01763,19,Female,Chennai,Yes,Yes,2023-01-21,18-25
CUST01764,26,Female,Hyderabad,No,No,2023-01-30,26-35
CUST01765,27,Female,Chennai,No,No,2023-04-12,26-35
CUST01766,40,Female,Hyderabad,Yes,Yes,2023-05-06,36-50
CUST01767,71,Female,Bangalore,Yes,Yes,2023-01-24,65+
CUST01768,49,Female,Bangalore,Yes,Yes,2023-02-17,36-50
CUST01769,47,Female,Hyderabad,No,Yes,2023-04-08,36-50
CUST01770,36,Female,Bangalore,Yes,Yes,2023-02-17,36-50
CUST01771,37,Female,Hyderabad,Yes,Yes,2023-01-12,36-50
CUST01772,34,Female,Bangalore,Yes,No,2023-04-23,26-35
CUST01773,40,Female,Chennai,No,Yes,2023-03-09,36-50
CUST01774,59,Male,Hyderabad,Yes,Yes,2023-03-10,51-65
CUST01775,19,Male,Bangalore,Yes,Yes,2023-02-08,18-25
CUST01776,74,Male,Hyderabad,Yes,No,2023-01-22,65+
CUST01777,34,Female,Bangalore,Yes,No,2023-05-19,26-35
CUST01778,61,Female,Chennai,Yes,No,2023-05-31,51-65
CUST01779,52,Male,Bangalore,Yes,No,2023-05-22,51-65
CUST01780,38,Male,Chennai,No,No,2023-04-10,36-50
CUST01781,21,Female,Hyderabad,No,Yes,2023-05-18,18-25
CUST01782,31,Female,Bangalore,Yes,No,2023-05-27,26-35
CUST01783,39,Male,Hyderabad,No,Yes,2023-05-02,36-50
CUST01784,29,Female,Chennai,Yes,No,2023-01-21,26-35
CUST01785,48,Female,Hyderabad,Yes,No,2023-01-09,36-50
CUST01786,43,Male,Chennai,Yes,Yes,2023-01-31,36-50
CUST01787,57,Female,Bangalore,No,No,2023-02-14,51-65
CUST01788,59,Male,Hyderabad,Yes,Yes,2023-02-24,51-65
CUST01789,38,Male,Hyderabad,Yes,No,2023-02-02,36-50
CUST01790,27,Male,Hyderabad,Yes,Yes,2023-04-19,26-35
CUST01791,39,Male,Hyderabad,No,Yes,2023-06-24,36-50
CUST01792,61,Female,Hyderabad,No,Yes,2023-02-21,51-65
CUST01793,64,Male,Hyderabad,No,No,2023-06-02,51-65
CUST01794,57,Female,Hyderabad,No,Yes,2023-03-23,51-65
CUST01795,34,Male,Hyderabad,No,Yes,2023-01-23,26-35
CUST01796,22,Female,Bangalore,Yes,No,2023-05-23,18-25
CUST01797,36,Female,Hyderabad,No,Yes,2023-05-22,36-50
CUST01798,19,Female,Chennai,Yes,No,2023-03-12,18-25
CUST01799,23,Female,Hyderabad,Yes,No,2023-01-04,18-25
CUST01800,55,Female,Bangalore,No,Yes,2023-01-29,51-65
CUST01801,54,Female,Hyderabad,Yes,No,2023-02-08,51-65
CUST01802,75,Male,Chennai,Yes,No,2023-05-26,65+
CUST01803,32,Male,Chennai,No,Yes,2023-01-28,26-35
CUST01804,41,Male,Bangalore,Yes,No,2023-03-15,36-50
CUST01805,66,Female,Hyderabad,Yes,No,2023-04-16,65+
CUST01806,31,Female,Hyderabad,No,Yes,2023-04-09,26-35
CUST01807,54,Female,Chennai,Yes,No,2023-05-27,51-65
CUST01808,36,Female,Hyderabad,No,No,2023-01-10,36-50
CUST01809,48,Male,Bangalore,Yes,No,2023-03-12,36-50
CUST01810,52,Female,Chennai,Yes,Yes,2023-02-06,51-65
CUST01811,25,Female,Bangalore,Yes,No,2023-01-10,18-25
CUST01812,25,Female,Hyderabad,No,Yes,2023-03-26,18-25
CUST01813,69,Male,Bangalore,No,No,2023-01-13,65+
CUST01814,31,Female,Chennai,Yes,No,2023-03-10,26-35
CUST01815,32,Female,Chennai,Yes,Yes,2023-01-06,26-35
CUST01816,66,Female,Hyderabad,No,Yes,2023-03-19,65+
CUST01817,44,Female,Hyderabad,Yes,Yes,2023-03-13,36-50
CUST01818,32,Female,Chennai,Yes,No,2023-06-28,26-35
CUST01819,36,Male,Chennai,Yes,No,2023-02-28,36-50
CUST01820,58,Male,Hyderabad,Yes,No,2023-03-18,51-65
CUST01821,50,Female,Hyderabad,Yes,Yes,2023-03-24,36-50
CUST01822,46,Female,Hyderabad,Yes,Yes,2023-04-17,36-50
CUST01823,47,Male,Chennai,Yes,No,2023-02-18,36-50
CUST01824,71,Female,Bangalore,Yes,No,2023-02-24,65+
CUST01825,21,Female,Hyderabad,No,Yes,2023-05-05,18-25
CUST01826,40,Female,Hyderabad,Yes,Yes,2023-01-15,36-50
CUST01827,59,Male,Hyderabad,Yes,Yes,2023-01-17,51-65
CUST01828,24,Female,Chennai,No,No,2023-05-10,18-25
CUST01829,71,Female,Chennai,Yes,No,2023-02-04,65+
CUST01830,53,Male,Hyderabad,Yes,No,2023-02-14,51-65
CUST01831,58,Male,Hyderabad,No,Yes,2023-02-21,51-65
CUST01832,78,Male,Hyderabad,No,No,2023-03-05,65+
CUST01833,27,Male,Hyderabad,No,No,2023-04-27,26-35
CUST01834,31,Male,Chennai,Yes,No,2023-04-03,26-35
CUST01835,70,Male,Bangalore,Yes,No,2023-03-12,65+
CUST01836,25,Female,Chennai,Yes,No,2023-04-29,18-25
CUST01837,36,Female,Chennai,Yes,Yes,2023-06-12,36-50
CUST01838,58,Male,Hyderabad,Yes,No,2023-06-24,51-65
CUST01839,39,Male,Bangalore,No,Yes,2023-03-03,36-50
CUST01840,31,Female,Bangalore,No,Yes,2023-05-06,26-35
CUST01841,27,Female,Hyderabad,Yes,Yes,2023-02-15,26-35
CUST01842,53,Female,Chennai,No,No,2023-05-31,51-65
CUST01843,49,Female,Hyderabad,Yes,Yes,2023-03-30,36-50
CUST01844,40,Male,Chennai,Yes,No,2023-03-08,36-50
CUST01845,64,Male,Bangalore,No,Yes,2023-03-14,51-65
CUST01846,32,Male,Hyderabad,Yes,No,2023-04-09,26-35
CUST01847,40,Male,Bangalore,No,No,2023-02-11,36-50
CUST01848,74,Male,Chennai,Yes,No,2023-02-26,65+
CUST01849,24,Male,Chennai,No,Yes,2023-06-23,18-25
CUST01850,32,Male,Bangalore,Yes,No,2023-03-10,26-35
CUST01851,48,Female,Hyderabad,No,Yes,2023-05-12,36-50
CUST01852,32,Male,Bangalore,No,No,2023-06-24,26-35
CUST01853,41,Male,Hyderabad,Yes,No,2023-05-02,36-50
CUST01854,55,Male,Bangalore,Yes,No,2023-06-15,51-65
CUST01855,21,Male,Chennai,Yes,Yes,2023-06-03,18-25
CUST01856,35,Male,Hyderabad,Yes,Yes,2023-02-27,26-35
CUST01857,51,Female,Hyderabad,Yes,No,2023-06-05,51-65
CUST01858,23,Female,Chennai,Yes,Yes,2023-06-14,18-25
CUST01859,18,Female,Bangalore,No,No,2023-04-19,18-25
CUST01860,46,Female,Hyderabad,Yes,No,2023-03-31,36-50
CUST01861,77,Female,Hyderabad,No,No,2023-03-06,65+
CUST01862,50,Male,Chennai,No,Yes,2023-04-30,36-50
CUST01863,19,Female,Bangalore,Yes,No,2023-06-23,18-25
CUST01864,43,Female,Hyderabad,Yes,Yes,2023-05-30,36-50
CUST01865,46,Male,Hyderabad,No,No,2023-01-02,36-50
CUST01866,67,Female,Hyderabad,No,No,2023-05-24,65+
CUST01867,58,Female,Hyderabad,Yes,Yes,2023-03-18,51-65
CUST01868,53,Male,Bangalore,Yes,Yes,2023-05-04,51-65
CUST01869,41,Male,Hyderabad,Yes,No,2023-03-28,36-50
CUST01870,35,Female,Hyderabad,No,No,2023-06-13,26-35
CUST01871,49,Female,Bangalore,Yes,No,2023-03-12,36-50
CUST01872,66,Female,Hyderabad,No,Yes,2023-06-17,65+
CUST01873,25,Female,Hyderabad,Yes,Yes,2023-02-18,18-25
CUST01874,21,Male,Hyderabad,Yes,Yes,2023-05-13,18-25
CUST01875,74,Male,Chennai,No,No,2023-01-15,65+
CUST01876,52,Female,Hyderabad,No,No,2023-06-19,51-65
CUST01877,66,Female,Bangalore,No,Yes,2023-06-24,65+
CUST01878,46,Male,Chennai,No,Yes,2023-01-07,36-50
CUST01879,37,Female,Hyderabad,Yes,No,2023-03-17,36-50
CUST01880,58,Female,Bangalore,Yes,No,2023-04-18,51-65
CUST01881,52,Female,Bangalore,No,No,2023-04-10,51-65
CUST01882,58,Male,Hyderabad,Yes,No,2023-05-30,51-65
CUST01883,51,Male,Bangalore,Yes,Yes,2023-03-29,51-65
CUST01884,60,Male,Hyderabad,Yes,Yes,2023-06-25,51-65
CUST01885,51,Female,Bangalore,Yes,No,2023-06-21,51-65
CUST01886,58,Female,Hyderabad,No,Yes,2023-05-10,51-65
CUST01887,26,Female,Bangalore,Yes,No,2023-02-13,26-35
CUST01888,53,Male,Hyderabad,Yes,No,2023-03-17,51-65
CUST01889,51,Male,Chennai,Yes,No,2023-05-01,51-65
CUST01890,20,Male,Hyderabad,Yes,Yes,2023-03-08,18-25
CUST01891,44,Male,Hyderabad,No,Yes,2023-06-24,36-50
CUST01892,29,Female,Hyderabad,No,Yes,2023-06-17,26-35
CUST01893,68,Male,Hyderabad,No,No,2023-02-26,65+
CUST01894,46,Female,Bangalore,Yes,No,2023-02-27,36-50
CUST01895,34,Female,Hyderabad,Yes,No,2023-04-18,26-35
CUST01896,69,Female,Hyderabad,No,No,2023-04-06,65+
CUST01897,38,Female,Chennai,Yes,No,2023-05-30,36-50
CUST01898,60,Female,Chennai,Yes,Yes,2023-04-29,51-65
CUST01899,47,Male,Chennai,Yes,No,2023-05-01,36-50
CUST01900,51,Male,Hyderabad,No,No,2023-06-12,51-65
CUST01901,39,Male,Bangalore,No,Yes,2023-05-01,36-50
CUST01902,55,Male,Bangalore,Yes,No,2023-05-09,51-65
CUST01903,34,Male,Bangalore,No,Yes,2023-06-24,26-35
CUST01904,29,Female,Hyderabad,No,No,2023-05-16,26-35
CUST01905,33,Female,Bangalore,Yes,No,2023-04-16,26-35
CUST01906,28,Male,Bangalore,Yes,No,2023-02-08,26-35
CUST01907,69,Male,Bangalore,No,No,2023-02-21,65+
CUST01908,42,Female,Hyderabad,No,No,2023-04-15,36-50
CUST01909,33,Female,Hyderabad,No,No,2023-02-06,26-35
CUST01910,37,Female,Hyderabad,No,Yes,2023-02-16,36-50
CUST01911,56,Male,Hyderabad,No,Yes,2023-05-05,51-65
CUST01912,53,Female,Hyderabad,Yes,No,2023-06-11,51-65
CUST01913,48,Male,Chennai,Yes,Yes,2023-03-22,36-50
CUST01914,32,Male,Bangalore,Yes,Yes,2023-01-02,26-35
CUST01915,53,Female,Chennai,No,No,2023-03-12,51-65
CUST01916,31,Male,Hyderabad,Yes,No,2023-02-13,26-35
CUST01917,50,Male,Hyderabad,No,No,2023-05-06,36-50
CUST01918,59,Male,Bangalore,Yes,No,2023-02-03,51-65
CUST01919,35,Female,Bangalore,No,No,2023-06-12,26-35
CUST01920,21,Female,Bangalore,No,Yes,2023-04-14,18-25
CUST01921,24,Female,Hyderabad,Yes,Yes,2023-05-03,18-25
CUST01922,64,Female,Hyderabad,Yes,No,2023-01-02,51-65
CUST01923,23,Male,Bangalore,Yes,No,2023-05-17,18-25
CUST01924,36,Male,Hyderabad,Yes,No,2023-04-06,36-50
CUST01925,57,Male,Chennai,Yes,No,2023-03-24,51-65
CUST01926,55,Male,Hyderabad,No,No,2023-01-05,51-65
CUST01927,66,Male,Hyderabad,Yes,No,2023-06-10,65+
CUST01928,42,Male,Hyderabad,Yes,No,2023-02-27,36-50
CUST01929,31,Female,Chennai,Yes,No,2023-03-21,26-35
CUST01930,38,Male,Hyderabad,Yes,Yes,2023-01-27,36-50
CUST01931,39,Female,Chennai,Yes,Yes,2023-05-09,36-50
CUST01932,42,Female,Hyderabad,Yes,Yes,2023-02-12,36-50
CUST01933,29,Male,Hyderabad,No,Yes,2023-01-12,26-35
CUST01934,56,Female,Hyderabad,Yes,No,2023-03-16,51-65
CUST01935,60,Female,Chennai,No,Yes,2023-05-14,51-65
CUST01936,68,Female,Bangalore,Yes,Yes,2023-04-22,65+
CUST01937,75,Male,Chennai,No,Yes,2023-03-29,65+
CUST01938,57,Female,Chennai,Yes,Yes,2023-04-02,51-65
CUST01939,44,Male,Bangalore,Yes,No,2023-02-12,36-50
CUST01940,53,Female,Chennai,Yes,No,2023-01-05,51-65
CUST01941,29,Male,Hyderabad,No,No,2023-02-27,26-35
CUST01942,39,Male,Hyderabad,Yes,Yes,2023-02-24,36-50
CUST01943,25,Male,Hyderabad,No,No,2023-05-31,18-25
CUST01944,76,Male,Hyderabad,Yes,No,2023-02-01,65+
CUST01945,25,Female,Hyderabad,Yes,Yes,2023-06-16,18-25
CUST01946,68,Male,Chennai,No,Yes,2023-04-07,65+
CUST01947,36,Female,Bangalore,No,No,2023-05-17,36-50
CUST01948,74,Male,Chennai,No,No,2023-06-02,65+
CUST01949,55,Male,Hyderabad,No,No,2023-06-19,51-65
CUST01950,69,Male,Hyderabad,No,Yes,2023-06-17,65+
CUST01951,33,Male,Hyderabad,Yes,Yes,2023-01-13,26-35
CUST01952,39,Male,Bangalore,Yes,Yes,2023-04-17,36-50
CUST01953,73,Female,Bangalore,Yes,Yes,2023-04-08,65+
CUST01954,56,Male,Bangalore,No,No,2023-05-21,51-65
CUST01955,52,Female,Hyderabad,Yes,No,2023-05-02,51-65
CUST01956,46,Male,Hyderabad,Yes,Yes,2023-02-22,36-50
CUST01957,68,Male,Chennai,Yes,Yes,2023-03-19,65+
CUST01958,51,Female,Hyderabad,Yes,Yes,2023-06-19,51-65
CUST01959,51,Male,Hyderabad,No,Yes,2023-06-19,51-65
CUST01960,36,Female,Chennai,Yes,Yes,2023-06-09,36-50
CUST01961,57,Male,Hyderabad,Yes,No,2023-04-18,51-65
CUST01962,74,Male,Bangalore,Yes,Yes,2023-05-11,65+
CUST01963,40,Male,Chennai,Yes,No,2023-03-14,36-50
CUST01964,36,Male,Hyderabad,Yes,Yes,2023-01-28,36-50
CUST01965,43,Female,Hyderabad,No,No,2023-02-20,36-50
CUST01966,32,Male,Bangalore,Yes,Yes,2023-03-09,26-35
CUST01967,66,Male,Hyderabad,No,No,2023-04-02,65+
CUST01968,55,Female,Hyderabad,Yes,Yes,2023-03-17,51-65
CUST01969,24,Male,Bangalore,No,No,2023-01-11,18-25
CUST01970,32,Female,Bangalore,No,Yes,2023-02-23,26-35
CUST01971,63,Female,Hyderabad,Yes,No,2023-03-26,51-65
CUST01972,43,Male,Hyderabad,No,Yes,2023-01-01,36-50
CUST01973,52,Male,Hyderabad,No,No,2023-06-21,51-65
CUST01974,51,Male,Bangalore,No,Yes,2023-01-29,51-65
CUST01975,53,Female,Hyderabad,No,No,2023-02-08,51-65
CUST01976,47,Male,Bangalore,Yes,No,2023-05-11,36-50
CUST01977,59,Male,Bangalore,Yes,No,2023-01-26,51-65
CUST01978,39,Female,Bangalore,Yes,No,2023-06-14,36-50
CUST01979,73,Male,Chennai,Yes,No,2023-04-27,65+
CUST01980,60,Female,Chennai,Yes,No,2023-03-09,51-65
CUST01981,22,Female,Hyderabad,Yes,No,2023-01-13,18-25
CUST01982,20,Male,Chennai,Yes,No,2023-02-14,18-25
CUST01983,55,Male,Hyderabad,No,Yes,2023-03-16,51-65
CUST01984,18,Female,Chennai,No,No,2023-06-23,18-25
CUST01985,34,Female,Hyderabad,Yes,Yes,2023-04-20,26-35
CUST01986,32,Male,Hyderabad,Yes,No,2023-01-25,26-35
CUST01987,32,Male,Hyderabad,No,Yes,2023-01-03,26-35
CUST01988,35,Male,Hyderabad,Yes,No,2023-06-19,26-35
CUST01989,38,Male,Hyderabad,No,No,2023-03-26,36-50
CUST01990,23,Female,Hyderabad,No,No,2023-04-23,18-25
CUST01991,21,Female,Bangalore,Yes,Yes,2023-01-24,18-25
CUST01992,29,Female,Hyderabad,Yes,Yes,2023-03-29,26-35
CUST01993,72,Male,Hyderabad,Yes,No,2023-01-30,65+
CUST01994,73,Female,Bangalore,No,Yes,2023-04-13,65+
CUST01995,77,Female,Chennai,Yes,No,2023-03-11,65+
CUST01996,43,Female,Chennai,No,Yes,2023-06-26,36-50
CUST01997,76,Female,Bangalore,Yes,No,2023-04-18,65+
CUST01998,19,Male,Bangalore,Yes,No,2023-01-29,18-25
CUST01999,44,Male,Hyderabad,Yes,Yes,2023-06-28,36-50
CUST02000,54,Male,Hyderabad,Yes,No,2023-02-10,51-65
CUST02001,41,Male,Chennai,No,No,2023-04-17,36-50
CUST02002,40,Female,Bangalore,Yes,No,2023-05-26,36-50
CUST02003,61,Female,Hyderabad,No,Yes,2023-02-16,51-65
CUST02004,48,Female,Hyderabad,Yes,No,2023-04-02,36-50
CUST02005,19,Male,Hyderabad,Yes,No,2023-06-25,18-25
CUST02006,38,Male,Hyderabad,Yes,No,2023-05-04,36-50
CUST02007,75,Female,Chennai,Yes,Yes,2023-01-29,65+
CUST02008,77,Female,Hyderabad,Yes,No,2023-04-23,65+
CUST02009,43,Male,Bangalore,Yes,No,2023-01-17,36-50
CUST02010,46,Female,Hyderabad,Yes,No,2023-06-17,36-50
CUST02011,52,Female,Chennai,Yes,Yes,2023-01-04,51-65
CUST02012,53,Male,Hyderabad,No,Yes,2023-06-21,51-65
CUST02013,37,Female,Bangalore,Yes,No,2023-05-13,36-50
CUST02014,50,Male,Bangalore,No,No,2023-04-21,36-50
CUST02015,64,Male,Bangalore,Yes,No,2023-05-04,51-65
CUST02016,49,Female,Hyderabad,Yes,No,2023-06-19,36-50
CUST02017,67,Female,Hyderabad,Yes,No,2023-02-08,65+
CUST02018,56,Male,Chennai,Yes,No,2023-01-03,51-65
CUST02019,27,Male,Bangalore,Yes,Yes,2023-05-10,26-35
CUST02020,50,Female,Bangalore,Yes,No,2023-05-07,36-50
CUST02021,19,Male,Chennai,No,Yes,2023-01-20,18-25
CUST02022,48,Female,Bangalore,Yes,No,2023-03-24,36-50
CUST02023,47,Male,Chennai,Yes,No,2023-03-26,36-50
CUST02024,50,Female,Hyderabad,Yes,No,2023-01-13,36-50
CUST02025,51,Male,Hyderabad,No,No,2023-05-21,51-65
CUST02026,68,Female,Hyderabad,No,No,2023-04-14,65+
CUST02027,76,Male,Hyderabad,Yes,Yes,2023-01-21,65+
CUST02028,38,Female,Hyderabad,No,Yes,2023-04-24,36-50
CUST02029,56,Female,Hyderabad,Yes,Yes,2023-01-23,51-65
CUST02030,61,Female,Chennai,Yes,No,2023-04-25,51-65
CUST02031,75,Female,Bangalore,Yes,Yes,2023-01-31,65+
CUST02032,71,Female,Hyderabad,No,Yes,2023-06-17,65+
CUST02033,64,Male,Hyderabad,Yes,No,2023-01-27,51-65
CUST02034,27,Female,Chennai,Yes,Yes,2023-04-16,26-35
CUST02035,60,Male,Hyderabad,No,No,2023-05-23,51-65
CUST02036,19,Male,Hyderabad,Yes,Yes,2023-01-24,18-25
CUST02037,55,Female,Bangalore,No,No,2023-05-11,51-65
CUST02038,37,Male,Hyderabad,Yes,No,2023-06-17,36-50
CUST02039,56,Female,Bangalore,Yes,No,2023-03-29,51-65
CUST02040,57,Female,Hyderabad,No,No,2023-01-14,51-65
CUST02041,19,Male,Chennai,No,No,2023-04-27,18-25
CUST02042,36,Female,Chennai,Yes,No,2023-05-24,36-50
CUST02043,36,Female,Hyderabad,Yes,No,2023-06-18,36-50
CUST02044,54,Female,Hyderabad,No,No,2023-04-26,51-65
CUST02045,44,Male,Bangalore,Yes,No,2023-01-25,36-50
CUST02046,71,Male,Chennai,Yes,No,2023-01-01,65+
CUST02047,69,Female,Bangalore,Yes,No,2023-04-01,65+
CUST02048,67,Female,Chennai,No,No,2023-05-21,65+
CUST02049,49,Female,Bangalore,No,No,2023-06-29,36-50
CUST02050,58,Male,Hyderabad,Yes,No,2023-01-12,51-65
CUST02051,48,Male,Chennai,No,Yes,2023-05-07,36-50
CUST02052,54,Male,Bangalore,Yes,No,2023-04-15,51-65
CUST02053,28,Male,Hyderabad,Yes,No,2023-03-07,26-35
CUST02054,64,Male,Hyderabad,No,No,2023-02-18,51-65
CUST02055,18,Male,Bangalore,No,Yes,2023-04-11,18-25
CUST02056,61,Male,Bangalore,Yes,No,2023-04-28,51-65
CUST02057,38,Male,Bangalore,Yes,No,2023-03-28,36-50
CUST02058,65,Male,Hyderabad,Yes,Yes,2023-04-17,51-65
CUST02059,35,Male,Bangalore,Yes,No,2023-06-12,26-35
CUST02060,54,Male,Hyderabad,No,Yes,2023-04-26,51-65
CUST02061,31,Female,Hyderabad,Yes,Yes,2023-06-18,26-35
CUST02062,31,Male,Hyderabad,Yes,No,2023-05-08,26-35
CUST02063,44,Male,Hyderabad,No,Yes,2023-05-16,36-50
CUST02064,31,Male,Chennai,Yes,No,2023-05-22,26-35
CUST02065,47,Female,Chennai,Yes,No,2023-05-30,36-50
CUST02066,29,Female,Hyderabad,No,No,2023-05-11,26-35
CUST02067,19,Male,Hyderabad,Yes,Yes,2023-06-27,18-25
CUST02068,39,Male,Hyderabad,Yes,No,2023-02-02,36-50
CUST02069,52,Male,Chennai,Yes,Yes,2023-04-10,51-65
CUST02070,41,Female,Bangalore,Yes,Yes,2023-05-10,36-50
CUST02071,36,Female,Hyderabad,No,Yes,2023-04-18,36-50
CUST02072,41,Male,Hyderabad,Yes,Yes,2023-03-12,36-50
CUST02073,47,Female,Chennai,Yes,Yes,2023-03-29,36-50
CUST02074,23,Female,Hyderabad,No,No,2023-04-26,18-25
CUST02075,27,Male,Hyderabad,No,Yes,2023-02-05,26-35
CUST02076,57,Female,Bangalore,No,No,2023-06-04,51-65
CUST02077,34,Female,Bangalore,No,No,2023-06-29,26-35
CUST02078,36,Female,Hyderabad,Yes,Yes,2023-05-22,36-50
CUST02079,18,Male,Bangalore,No,No,2023-02-21,18-25
CUST02080,33,Male,Hyderabad,No,Yes,2023-06-09,26-35
CUST02081,22,Female,Bangalore,Yes,No,2023-06-25,18-25
CUST02082,28,Female,Chennai,Yes,No,2023-06-22,26-35
CUST02083,69,Male,Bangalore,Yes,Yes,2023-06-16,65+
CUST02084,57,Male,Hyderabad,Yes,Yes,2023-05-09,51-65
CUST02085,50,Female,Hyderabad,Yes,Yes,2023-01-30,36-50
CUST02086,57,Female,Hyderabad,No,Yes,2023-05-24,51-65
CUST02087,31,Female,Bangalore,Yes,Yes,2023-05-30,26-35
CUST02088,49,Female,Hyderabad,Yes,No,2023-06-22,36-50
CUST02089,57,Female,Chennai,Yes,No,2023-04-19,51-65
CUST02090,19,Male,Bangalore,Yes,No,2023-05-14,18-25
CUST02091,48,Male,Chennai,Yes,Yes,2023-01-07,36-50
CUST02092,47,Female,Bangalore,Yes,Yes,2023-02-07,36-50
CUST02093,22,Male,Bangalore,No,Yes,2023-06-21,18-25
CUST02094,37,Male,Bangalore,No,Yes,2023-02-21,36-50
CUST02095,28,Female,Hyderabad,No,Yes,2023-02-11,26-35
CUST02096,38,Female,Chennai,Yes,No,2023-06-24,36-50
CUST02097,58,Female,Hyderabad,Yes,Yes,2023-02-07,51-65
CUST02098,52,Male,Chennai,No,Yes,2023-06-26,51-65
CUST02099,74,Female,Bangalore,Yes,No,2023-02-22,65+
CUST02100,47,Male,Bangalore,Yes,Yes,2023-04-02,36-50
CUST02101,78,Female,Hyderabad,No,Yes,2023-01-27,65+
CUST02102,37,Male,Hyderabad,No,No,2023-06-15,36-50
CUST02103,36,Female,Chennai,Yes,Yes,2023-03-02,36-50
CUST02104,55,Female,Hyderabad,No,Yes,2023-06-27,51-65
CUST02105,60,Male,Hyderabad,Yes,No,2023-04-08,51-65
CUST02106,72,Female,Hyderabad,Yes,No,2023-04-17,65+
CUST02107,26,Female,Chennai,No,Yes,2023-05-22,26-35
CUST02108,35,Male,Bangalore,No,Yes,2023-01-04,26-35
CUST02109,48,Female,Hyderabad,No,No,2023-02-21,36-50
CUST02110,31,Female,Hyderabad,Yes,No,2023-02-27,26-35
CUST02111,40,Female,Hyderabad,No,No,2023-05-31,36-50
CUST02112,59,Male,Hyderabad,Yes,Yes,2023-02-19,51-65
CUST02113,59,Female,Bangalore,No,Yes,2023-04-25,51-65
CUST02114,57,Male,Bangalore,Yes,Yes,2023-06-24,51-65
CUST02115,37,Male,Chennai,Yes,No,2023-02-17,36-50
CUST02116,18,Male,Hyderabad,Yes,No,2023-05-12,18-25
CUST02117,38,Male,Bangalore,Yes,No,2023-04-07,36-50
CUST02118,35,Male,Chennai,Yes,Yes,2023-04-20,26-35
CUST02119,43,Female,Hyderabad,Yes,Yes,2023-05-23,36-50
CUST02120,40,Female,Bangalore,No,Yes,2023-02-03,36-50
CUST02121,22,Male,Chennai,No,Yes,2023-05-30,18-25
CUST02122,27,Female,Bangalore,Yes,Yes,2023-01-02,26-35
CUST02123,37,Female,Hyderabad,No,No,2023-04-30,36-50
CUST02124,31,Male,Hyderabad,Yes,No,2023-01-11,26-35
CUST02125,63,Male,Bangalore,Yes,No,2023-03-24,51-65
CUST02126,51,Male,Hyderabad,No,No,2023-06-10,51-65
CUST02127,48,Female,Hyderabad,Yes,Yes,2023-05-06,36-50
CUST02128,19,Female,Hyderabad,Yes,No,2023-01-19,18-25
CUST02129,32,Female,Chennai,No,No,2023-05-15,26-35
CUST02130,65,Male,Chennai,Yes,No,2023-02-17,51-65
CUST02131,52,Male,Chennai,Yes,No,2023-05-10,51-65
CUST02132,37,Male,Chennai,Yes,No,2023-04-17,36-50
CUST02133,63,Female,Hyderabad,No,No,2023-01-24,51-65
CUST02134,44,Female,Hyderabad,Yes,Yes,2023-02-26,36-50
CUST02135,57,Male,Chennai,Yes,No,2023-06-19,51-65
CUST02136,65,Female,Chennai,Yes,No,2023-03-26,51-65
CUST02137,49,Female,Bangalore,Yes,No,2023-03-17,36-50
CUST02138,56,Male,Bangalore,No,No,2023-06-08,51-65
CUST02139,56,Female,Hyderabad,No,Yes,2023-05-24,51-65
CUST02140,67,Male,Hyderabad,No,Yes,2023-01-30,65+
CUST02141,23,Female,Hyderabad,Yes,No,2023-04-25,18-25
CUST02142,62,Male,Hyderabad,Yes,Yes,2023-06-14,51-65
CUST02143,65,Male,Hyderabad,No,No,2023-01-11,51-65
CUST02144,55,Female,Hyderabad,No,Yes,2023-04-08,51-65
CUST02145,31,Male,Hyderabad,No,No,2023-04-09,26-35
CUST02146,41,Female,Chennai,No,No,2023-05-19,36-50
CUST02147,74,Female,Bangalore,No,Yes,2023-01-07,65+
CUST02148,52,Female,Bangalore,Yes,No,2023-05-12,51-65
CUST02149,55,Female,Hyderabad,No,No,2023-05-05,51-65
CUST02150,69,Male,Bangalore,Yes,Yes,2023-03-17,65+
CUST02151,53,Male,Chennai,Yes,No,2023-03-24,51-65
CUST02152,44,Male,Chennai,Yes,No,2023-01-25,36-50
CUST02153,25,Male,Hyderabad,No,No,2023-05-18,18-25
CUST02154,65,Male,Hyderabad,Yes,No,2023-06-10,51-65
CUST02155,56,Male,Bangalore,Yes,Yes,2023-02-23,51-65
CUST02156,21,Male,Hyderabad,No,No,2023-06-25,18-25
CUST02157,62,Female,Hyderabad,Yes,Yes,2023-01-27,51-65
CUST02158,46,Male,Chennai,No,No,2023-05-18,36-50
CUST02159,50,Female,Bangalore,Yes,Yes,2023-06-15,36-50
CUST02160,56,Male,Hyderabad,Yes,Yes,2023-06-25,51-65
CUST02161,75,Male,Chennai,Yes,No,2023-01-07,65+
CUST02162,79,Female,Hyderabad,Yes,No,2023-03-26,65+
CUST02163,20,Male,Bangalore,No,No,2023-01-23,18-25
CUST02164,46,Male,Bangalore,No,No,2023-01-14,36-50
CUST02165,37,Male,Bangalore,Yes,Yes,2023-03-06,36-50
CUST02166,50,Male,Hyderabad,Yes,Yes,2023-05-28,36-50
CUST02167,39,Male,Hyderabad,Yes,No,2023-03-08,36-50
CUST02168,58,Female,Hyderabad,Yes,No,2023-04-10,51-65
CUST02169,52,Female,Hyderabad,No,No,2023-06-11,51-65
CUST02170,32,Female,Hyderabad,No,Yes,2023-04-21,26-35
CUST02171,75,Female,Chennai,No,No,2023-01-05,65+
CUST02172,35,Female,Chennai,Yes,No,2023-06-22,26-35
CUST02173,22,Male,Chennai,Yes,No,2023-05-17,18-25
CUST02174,41,Male,Chennai,Yes,No,2023-06-14,36-50
CUST02175,48,Male,Bangalore,Yes,No,2023-05-30,36-50
CUST02176,57,Male,Hyderabad,Yes,No,2023-06-29,51-65
CUST02177,28,Male,Hyderabad,No,No,2023-04-02,26-35
CUST02178,47,Male,Hyderabad,Yes,Yes,2023-03-16,36-50
CUST02179,47,Female,Hyderabad,Yes,Yes,2023-06-05,36-50
CUST02180,48,Male,Chennai,Yes,No,2023-03-14,36-50
CUST02181,34,Female,Hyderabad,Yes,Yes,2023-04-08,26-35
CUST02182,35,Female,Hyderabad,Yes,No,2023-06-19,26-35
CUST02183,48,Male,Bangalore,Yes,No,2023-05-02,36-50
CUST02184,44,Male,Bangalore,No,Yes,2023-05-17,36-50
CUST02185,50,Male,Hyderabad,No,No,2023-02-04,36-50
CUST02186,49,Female,Hyderabad,Yes,Yes,2023-05-20,36-50
CUST02187,43,Female,Hyderabad,Yes,No,2023-06-12,36-50
CUST02188,54,Male,Bangalore,No,No,2023-03-18,51-65
CUST02189,42,Female,Hyderabad,Yes,Yes,2023-01-03,36-50
CUST02190,43,Male,Hyderabad,Yes,No,2023-02-01,36-50
CUST02191,32,Male,Hyderabad,Yes,Yes,2023-01-02,26-35
CUST02192,31,Female,Bangalore,No,Yes,2023-05-18,26-35
CUST02193,52,Male,Chennai,Yes,Yes,2023-03-20,51-65
CUST02194,44,Male,Chennai,No,No,2023-03-30,36-50
CUST02195,59,Male,Hyderabad,Yes,Yes,2023-04-16,51-65
CUST02196,79,Male,Hyderabad,Yes,Yes,2023-02-11,65+
CUST02197,72,Male,Hyderabad,Yes,No,2023-02-26,65+
CUST02198,41,Female,Hyderabad,Yes,Yes,2023-02-19,36-50
CUST02199,36,Male,Hyderabad,Yes,Yes,2023-02-16,36-50
CUST02200,35,Male,Chennai,Yes,Yes,2023-05-21,26-35
CUST02201,40,Female,Hyderabad,Yes,No,2023-06-15,36-50
CUST02202,72,Male,Bangalore,Yes,No,2023-03-16,65+
CUST02203,55,Male,Hyderabad,Yes,No,2023-03-06,51-65
CUST02204,75,Male,Chennai,No,Yes,2023-02-20,65+
CUST02205,29,Female,Chennai,No,Yes,2023-03-26,26-35
CUST02206,34,Female,Hyderabad,Yes,No,2023-02-02,26-35
CUST02207,44,Male,Hyderabad,Yes,Yes,2023-01-26,36-50
CUST02208,33,Female,Chennai,Yes,Yes,2023-06-08,26-35
CUST02209,77,Male,Hyderabad,Yes,Yes,2023-02-19,65+
CUST02210,59,Female,Hyderabad,No,No,2023-05-05,51-65
CUST02211,29,Female,Bangalore,No,No,2023-03-26,26-35
CUST02212,47,Female,Hyderabad,Yes,No,2023-06-27,36-50
CUST02213,58,Male,Bangalore,Yes,Yes,2023-05-25,51-65
CUST02214,50,Female,Bangalore,No,No,2023-03-22,36-50
CUST02215,36,Female,Chennai,Yes,Yes,2023-02-13,36-50
CUST02216,67,Male,Chennai,Yes,Yes,2023-03-22,65+
CUST02217,76,Male,Hyderabad,No,No,2023-02-26,65+
CUST02218,50,Female,Chennai,No,No,2023-03-12,36-50
CUST02219,52,Female,Chennai,No,No,2023-02-04,51-65
CUST02220,59,Female,Bangalore,Yes,Yes,2023-05-03,51-65
CUST02221,79,Female,Chennai,Yes,Yes,2023-04-25,65+
CUST02222,48,Female,Bangalore,Yes,No,2023-03-20,36-50
CUST02223,39,Female,Bangalore,Yes,No,2023-05-22,36-50
CUST02224,35,Male,Hyderabad,Yes,Yes,2023-02-14,26-35
CUST02225,46,Male,Hyderabad,No,Yes,2023-03-13,36-50
CUST02226,23,Male,Hyderabad,Yes,No,2023-05-18,18-25
CUST02227,53,Male,Hyderabad,Yes,Yes,2023-03-09,51-65
CUST02228,35,Male,Hyderabad,Yes,Yes,2023-01-20,26-35
CUST02229,50,Male,Bangalore,Yes,No,2023-05-10,36-50
CUST02230,70,Male,Bangalore,Yes,Yes,2023-05-29,65+
CUST02231,34,Female,Bangalore,Yes,No,2023-06-01,26-35
CUST02232,20,Male,Bangalore,Yes,No,2023-01-10,18-25
CUST02233,48,Female,Bangalore,Yes,Yes,2023-05-20,36-50
CUST02234,20,Female,Bangalore,Yes,No,2023-06-17,18-25
CUST02235,52,Male,Hyderabad,Yes,No,2023-04-04,51-65
CUST02236,41,Female,Chennai,Yes,No,2023-02-27,36-50
CUST02237,29,Female,Chennai,Yes,No,2023-02-04,26-35
CUST02238,79,Female,Bangalore,Yes,No,2023-05-09,65+
CUST02239,33,Male,Hyderabad,Yes,Yes,2023-04-12,26-35
CUST02240,42,Female,Bangalore,No,No,2023-05-09,36-50
CUST02241,18,Male,Chennai,No,Yes,2023-06-19,18-25
CUST02242,32,Male,Bangalore,No,No,2023-06-07,26-35
CUST02243,51,Male,Hyderabad,No,Yes,2023-05-12,51-65
CUST02244,59,Male,Bangalore,Yes,No,2023-04-25,51-65
CUST02245,48,Male,Chennai,Yes,Yes,2023-02-15,36-50
CUST02246,37,Male,Hyderabad,Yes,No,2023-05-04,36-50
CUST02247,40,Female,Hyderabad,Yes,Yes,2023-01-11,36-50
CUST02248,74,Male,Chennai,Yes,No,2023-05-05,65+
CUST02249,74,Male,Bangalore,No,No,2023-01-17,65+
CUST02250,70,Female,Hyderabad,Yes,Yes,2023-04-05,65+
CUST02251,55,Male,Chennai,Yes,No,2023-01-11,51-65
CUST02252,50,Male,Chennai,No,No,2023-05-13,36-50
CUST02253,53,Female,Hyderabad,Yes,No,2023-04-10,51-65
CUST02254,36,Female,Hyderabad,Yes,No,2023-04-27,36-50
CUST02255,58,Male,Hyderabad,No,No,2023-01-11,51-65
CUST02256,41,Female,Hyderabad,No,Yes,2023-01-27,36-50
CUST02257,53,Female,Chennai,Yes,Yes,2023-03-09,51-65
CUST02258,46,Male,Hyderabad,Yes,No,2023-04-07,36-50
CUST02259,56,Female,Chennai,No,Yes,2023-04-04,51-65
CUST02260,31,Male,Hyderabad,Yes,No,2023-05-13,26-35
CUST02261,37,Female,Bangalore,Yes,Yes,2023-04-07,36-50
CUST02262,32,Male,Hyderabad,Yes,Yes,2023-05-13,26-35
CUST02263,59,Female,Bangalore,No,Yes,2023-04-01,51-65
CUST02264,19,Female,Hyderabad,Yes,No,2023-05-05,18-25
CUST02265,58,Female,Hyderabad,Yes,Yes,2023-06-04,51-65
CUST02266,35,Male,Hyderabad,No,No,2023-05-09,26-35
CUST02267,50,Male,Hyderabad,Yes,No,2023-04-23,36-50
CUST02268,63,Male,Hyderabad,Yes,No,2023-02-28,51-65
CUST02269,48,Male,Hyderabad,Yes,No,2023-05-12,36-50
CUST02270,29,Female,Hyderabad,Yes,Yes,2023-02-24,26-35
CUST02271,47,Male,Hyderabad,No,No,2023-02-17,36-50
CUST02272,64,Male,Hyderabad,Yes,Yes,2023-04-03,51-65
CUST02273,41,Male,Hyderabad,Yes,Yes,2023-06-19,36-50
CUST02274,46,Male,Hyderabad,Yes,Yes,2023-04-17,36-50
CUST02275,52,Female,Hyderabad,No,Yes,2023-01-30,51-65
CUST02276,19,Female,Chennai,No,Yes,2023-06-22,18-25
CUST02277,18,Female,Hyderabad,No,Yes,2023-05-03,18-25
CUST02278,58,Male,Bangalore,No,Yes,2023-06-01,51-65
CUST02279,58,Male,Hyderabad,No,No,2023-06-15,51-65
CUST02280,63,Female,Hyderabad,No,Yes,2023-01-06,51-65
CUST02281,66,Male,Hyderabad,No,Yes,2023-01-12,65+
CUST02282,34,Male,Bangalore,No,No,2023-05-27,26-35
CUST02283,47,Male,Hyderabad,No,Yes,2023-02-04,36-50
CUST02284,62,Male,Chennai,No,No,2023-05-27,51-65
CUST02285,34,Male,Hyderabad,No,Yes,2023-01-15,26-35
CUST02286,48,Male,Hyderabad,Yes,No,2023-03-08,36-50
CUST02287,55,Male,Chennai,No,No,2023-05-13,51-65
CUST02288,71,Female,Chennai,Yes,No,2023-06-03,65+
CUST02289,34,Male,Chennai,Yes,No,2023-06-19,26-35
CUST02290,78,Female,Chennai,Yes,Yes,2023-01-22,65+
CUST02291,35,Male,Bangalore,Yes,Yes,2023-04-25,26-35
CUST02292,49,Female,Hyderabad,No,No,2023-05-04,36-50
CUST02293,73,Male,Bangalore,No,Yes,2023-02-26,65+
CUST02294,50,Female,Hyderabad,Yes,No,2023-06-03,36-50
CUST02295,41,Male,Hyderabad,Yes,Yes,2023-05-30,36-50
CUST02296,53,Male,Hyderabad,Yes,No,2023-06-09,51-65
CUST02297,40,Female,Bangalore,No,Yes,2023-02-12,36-50
CUST02298,44,Female,Bangalore,Yes,Yes,2023-04-27,36-50
CUST02299,34,Male,Bangalore,Yes,Yes,2023-02-28,26-35
CUST02300,60,Female,Hyderabad,Yes,No,2023-04-09,51-65
CUST02301,75,Male,Bangalore,No,No,2023-01-28,65+
CUST02302,18,Male,Hyderabad,Yes,Yes,2023-02-21,18-25
CUST02303,24,Female,Chennai,No,Yes,2023-02-08,18-25
CUST02304,71,Male,Hyderabad,No,Yes,2023-02-15,65+
CUST02305,54,Female,Chennai,No,No,2023-06-07,51-65
CUST02306,29,Male,Hyderabad,No,Yes,2023-05-17,26-35
CUST02307,37,Male,Bangalore,No,No,2023-01-24,36-50
CUST02308,53,Female,Hyderabad,Yes,No,2023-06-18,51-65
CUST02309,29,Male,Hyderabad,Yes,No,2023-06-04,26-35
CUST02310,50,Male,Hyderabad,Yes,Yes,2023-06-23,36-50
CUST02311,39,Female,Chennai,No,Yes,2023-05-14,36-50
CUST02312,54,Female,Chennai,Yes,Yes,2023-04-05,51-65
CUST02313,50,Male,Hyderabad,No,Yes,2023-06-28,36-50
CUST02314,69,Female,Bangalore,Yes,Yes,2023-02-28,65+
CUST02315,32,Female,Chennai,No,Yes,2023-04-08,26-35
CUST02316,27,Female,Hyderabad,Yes,No,2023-05-31,26-35
CUST02317,33,Male,Hyderabad,Yes,No,2023-04-19,26-35
CUST02318,20,Male,Bangalore,No,No,2023-03-07,18-25
CUST02319,47,Female,Hyderabad,Yes,No,2023-03-01,36-50
CUST02320,39,Male,Bangalore,Yes,Yes,2023-03-14,36-50
CUST02321,59,Female,Bangalore,Yes,No,2023-03-07,51-65
CUST02322,41,Male,Hyderabad,Yes,No,2023-01-02,36-50
CUST02323,40,Male,Hyderabad,Yes,No,2023-05-28,36-50
CUST02324,43,Male,Chennai,Yes,No,2023-05-14,36-50
CUST02325,47,Male,Chennai,No,Yes,2023-04-07,36-50
CUST02326,23,Male,Bangalore,Yes,Yes,2023-06-26,18-25
CUST02327,42,Female,Bangalore,Yes,Yes,2023-04-15,36-50
CUST02328,39,Female,Bangalore,Yes,No,2023-01-28,36-50
CUST02329,72,Male,Hyderabad,No,No,2023-04-20,65+
CUST02330,51,Female,Chennai,Yes,Yes,2023-03-08,51-65
CUST02331,31,Female,Hyderabad,Yes,Yes,2023-05-25,26-35
CUST02332,26,Female,Hyderabad,Yes,No,2023-06-06,26-35
CUST02333,68,Female,Hyderabad,Yes,No,2023-06-24,65+
CUST02334,57,Female,Bangalore,Yes,No,2023-02-22,51-65
CUST02335,39,Female,Hyderabad,No,No,2023-05-22,36-50
CUST02336,36,Female,Hyderabad,No,Yes,2023-02-15,36-50
CUST02337,58,Female,Hyderabad,No,Yes,2023-05-24,51-65
CUST02338,23,Female,Hyderabad,No,Yes,2023-03-06,18-25
CUST02339,66,Female,Bangalore,No,Yes,2023-05-28,65+
CUST02340,26,Female,Hyderabad,Yes,Yes,2023-06-30,26-35
CUST02341,37,Female,Bangalore,Yes,No,2023-02-05,36-50
CUST02342,57,Male,Hyderabad,Yes,No,2023-02-28,51-65
CUST02343,58,Female,Hyderabad,No,No,2023-06-29,51-65
CUST02344,41,Male,Hyderabad,Yes,No,2023-01-26,36-50
CUST02345,54,Male,Bangalore,Yes,Yes,2023-05-11,51-65
CUST02346,40,Female,Hyderabad,Yes,Yes,2023-03-28,36-50
CUST02347,52,Male,Chennai,Yes,No,2023-02-11,51-65
CUST02348,35,Female,Bangalore,No,Yes,2023-06-12,26-35
CUST02349,48,Male,Bangalore,No,Yes,2023-01-24,36-50
CUST02350,58,Male,Chennai,Yes,No,2023-05-01,51-65
CUST02351,29,Female,Chennai,Yes,No,2023-01-23,26-35
CUST02352,39,Male,Bangalore,Yes,Yes,2023-03-09,36-50
CUST02353,33,Male,Hyderabad,Yes,Yes,2023-04-05,26-35
CUST02354,32,Male,Chennai,No,No,2023-06-05,26-35
CUST02355,51,Male,Hyderabad,Yes,No,2023-04-09,51-65
CUST02356,19,Female,Bangalore,Yes,No,2023-06-07,18-25
CUST02357,64,Female,Hyderabad,Yes,Yes,2023-06-02,51-65
CUST02358,48,Male,Bangalore,Yes,Yes,2023-02-14,36-50
CUST02359,54,Female,Bangalore,No,Yes,2023-04-23,51-65
CUST02360,75,Male,Bangalore,Yes,No,2023-02-21,65+
CUST02361,60,Female,Hyderabad,Yes,No,2023-02-19,51-65
CUST02362,51,Male,Chennai,No,No,2023-06-03,51-65
CUST02363,29,Male,Bangalore,No,Yes,2023-06-07,26-35
CUST02364,59,Male,Hyderabad,Yes,No,2023-06-22,51-65
CUST02365,21,Male,Hyderabad,No,No,2023-04-03,18-25
CUST02366,41,Male,Hyderabad,Yes,No,2023-06-17,36-50
CUST02367,49,Male,Hyderabad,Yes,Yes,2023-02-10,36-50
CUST02368,21,Male,Hyderabad,Yes,No,2023-03-12,18-25
CUST02369,68,Female,Bangalore,No,No,2023-04-01,65+
CUST02370,46,Female,Hyderabad,No,No,2023-04-14,36-50
CUST02371,59,Male,Hyderabad,Yes,No,2023-05-13,51-65
CUST02372,18,Male,Hyderabad,Yes,Yes,2023-06-30,18-25
CUST02373,32,Male,Bangalore,Yes,No,2023-01-24,26-35
CUST02374,76,Female,Bangalore,No,Yes,2023-05-24,65+
CUST02375,43,Female,Chennai,No,No,2023-03-30,36-50
CUST02376,54,Female,Hyderabad,No,No,2023-02-27,51-65
CUST02377,56,Male,Hyderabad,Yes,Yes,2023-04-27,51-65
CUST02378,75,Female,Hyderabad,No,No,2023-05-28,65+
CUST02379,64,Male,Chennai,Yes,Yes,2023-03-08,51-65
CUST02380,72,Male,Hyderabad,No,Yes,2023-04-15,65+
CUST02381,46,Male,Hyderabad,No,No,2023-05-24,36-50
CUST02382,58,Male,Bangalore,Yes,No,2023-05-09,51-65
CUST02383,59,Female,Hyderabad,Yes,No,2023-03-29,51-65
CUST02384,50,Male,Hyderabad,Yes,No,2023-05-12,36-50
CUST02385,42,Female,Bangalore,No,Yes,2023-05-18,36-50
CUST02386,65,Female,Chennai,Yes,No,2023-06-27,51-65
CUST02387,40,Female,Bangalore,Yes,Yes,2023-04-07,36-50
CUST02388,31,Female,Hyderabad,No,No,2023-03-04,26-35
CUST02389,60,Female,Hyderabad,Yes,Yes,2023-04-28,51-65
CUST02390,58,Female,Chennai,No,No,2023-05-31,51-65
CUST02391,40,Male,Hyderabad,No,No,2023-05-04,36-50
CUST02392,32,Male,Chennai,Yes,No,2023-03-08,26-35
CUST02393,21,Male,Hyderabad,No,Yes,2023-04-08,18-25
CUST02394,38,Male,Hyderabad,Yes,No,2023-06-23,36-50
CUST02395,26,Male,Hyderabad,Yes,No,2023-03-22,26-35
CUST02396,43,Female,Hyderabad,No,Yes,2023-04-01,36-50
CUST02397,20,Male,Hyderabad,Yes,No,2023-06-29,18-25
CUST02398,57,Female,Chennai,No,No,2023-03-05,51-65
CUST02399,62,Female,Bangalore,Yes,No,2023-01-24,51-65
CUST02400,55,Female,Bangalore,No,Yes,2023-06-22,51-65
CUST02401,52,Female,Hyderabad,Yes,Yes,2023-01-20,51-65
CUST02402,40,Male,Chennai,No,No,2023-05-02,36-50
CUST02403,51,Female,Chennai,Yes,Yes,2023-04-01,51-65
CUST02404,51,Male,Bangalore,No,No,2023-05-27,51-65
CUST02405,55,Female,Chennai,Yes,Yes,2023-02-16,51-65
CUST02406,20,Male,Chennai,No,No,2023-05-08,18-25
CUST02407,79,Male,Bangalore,Yes,No,2023-03-02,65+
CUST02408,46,Male,Chennai,Yes,No,2023-03-09,36-50
CUST02409,65,Male,Bangalore,Yes,Yes,2023-02-28,51-65
CUST02410,35,Male,Chennai,Yes,Yes,2023-03-05,26-35
CUST02411,32,Female,Hyderabad,No,No,2023-02-09,26-35
CUST02412,50,Male,Chennai,No,Yes,2023-01-31,36-50
CUST02413,32,Male,Chennai,No,Yes,2023-06-23,26-35
CUST02414,43,Female,Chennai,Yes,Yes,2023-06-07,36-50
CUST02415,47,Male,Hyderabad,No,No,2023-05-19,36-50
CUST02416,57,Male,Chennai,Yes,Yes,2023-05-04,51-65
CUST02417,41,Female,Chennai,Yes,No,2023-06-08,36-50
CUST02418,60,Female,Hyderabad,No,No,2023-05-07,51-65
CUST02419,69,Female,Chennai,Yes,No,2023-05-06,65+
CUST02420,33,Male,Hyderabad,Yes,Yes,2023-05-11,26-35
CUST02421,46,Female,Hyderabad,Yes,Yes,2023-04-12,36-50
CUST02422,33,Male,Hyderabad,No,Yes,2023-05-28,26-35
CUST02423,79,Male,Hyderabad,No,Yes,2023-01-14,65+
CUST02424,31,Female,Bangalore,Yes,Yes,2023-05-03,26-35
CUST02425,31,Male,Bangalore,No,Yes,2023-05-09,26-35
CUST02426,44,Female,Bangalore,Yes,No,2023-04-11,36-50
CUST02427,62,Male,Hyderabad,No,Yes,2023-04-28,51-65
CUST02428,61,Male,Bangalore,Yes,No,2023-06-28,51-65
CUST02429,21,Female,Hyderabad,Yes,Yes,2023-03-22,18-25
CUST02430,34,Male,Hyderabad,Yes,No,2023-01-04,26-35
CUST02431,55,Male,Hyderabad,No,No,2023-04-08,51-65
CUST02432,51,Male,Hyderabad,Yes,No,2023-03-25,51-65
CUST02433,49,Female,Chennai,Yes,No,2023-06-06,36-50
CUST02434,74,Female,Hyderabad,No,No,2023-02-17,65+
CUST02435,49,Female,Bangalore,No,Yes,2023-03-02,36-50
CUST02436,41,Female,Hyderabad,Yes,No,2023-05-01,36-50
CUST02437,43,Female,Hyderabad,Yes,No,2023-04-04,36-50
CUST02438,38,Male,Bangalore,No,Yes,2023-05-08,36-50
CUST02439,50,Female,Hyderabad,Yes,No,2023-02-23,36-50
CUST02440,62,Female,Hyderabad,No,Yes,2023-06-29,51-65
CUST02441,51,Female,Hyderabad,Yes,No,2023-04-04,51-65
CUST02442,55,Female,Hyderabad,No,No,2023-03-13,51-65
CUST02443,49,Female,Bangalore,No,No,2023-02-16,36-50
CUST02444,35,Male,Hyderabad,Yes,Yes,2023-05-28,26-35
CUST02445,56,Male,Hyderabad,Yes,Yes,2023-01-26,51-65
CUST02446,62,Female,Bangalore,Yes,No,2023-03-02,51-65
CUST02447,53,Female,Bangalore,No,No,2023-04-08,51-65
CUST02448,53,Male,Hyderabad,Yes,Yes,2023-02-07,51-65
CUST02449,47,Male,Chennai,Yes,No,2023-05-02,36-50
CUST02450,36,Male,Chennai,Yes,No,2023-02-15,36-50
CUST02451,60,Female,Bangalore,Yes,No,2023-05-08,51-65
CUST02452,43,Male,Bangalore,Yes,No,2023-06-11,36-50
CUST02453,55,Female,Chennai,Yes,No,2023-05-05,51-65
CUST02454,50,Female,Hyderabad,Yes,Yes,2023-03-06,36-50
CUST02455,68,Male,Hyderabad,Yes,No,2023-04-12,65+
CUST02456,36,Male,Bangalore,Yes,No,2023-06-26,36-50
CUST02457,47,Male,Hyderabad,No,No,2023-01-16,36-50
CUST02458,59,Male,Hyderabad,No,Yes,2023-03-07,51-65
CUST02459,62,Female,Bangalore,Yes,No,2023-06-11,51-65
CUST02460,40,Male,Hyderabad,Yes,No,2023-04-26,36-50
CUST02461,60,Female,Hyderabad,No,No,2023-03-08,51-65
CUST02462,38,Female,Hyderabad,No,No,2023-04-03,36-50
CUST02463,61,Female,Hyderabad,Yes,No,2023-03-30,51-65
CUST02464,38,Male,Hyderabad,Yes,No,2023-04-16,36-50
CUST02465,36,Male,Hyderabad,Yes,No,2023-03-31,36-50
CUST02466,52,Male,Hyderabad,Yes,Yes,2023-05-28,51-65
CUST02467,38,Male,Bangalore,No,No,2023-03-14,36-50
CUST02468,40,Female,Bangalore,Yes,Yes,2023-03-25,36-50
CUST02469,39,Female,Hyderabad,Yes,No,2023-04-25,36-50
CUST02470,70,Male,Hyderabad,Yes,Yes,2023-04-08,65+
CUST02471,53,Female,Bangalore,Yes,Yes,2023-04-29,51-65
CUST02472,52,Male,Chennai,No,No,2023-02-12,51-65
CUST02473,79,Female,Hyderabad,Yes,No,2023-04-18,65+
CUST02474,69,Female,Bangalore,No,No,2023-01-19,65+
CUST02475,50,Male,Hyderabad,No,Yes,2023-02-11,36-50
CUST02476,53,Female,Chennai,Yes,No,2023-02-28,51-65
CUST02477,65,Female,Hyderabad,No,No,2023-03-23,51-65
CUST02478,51,Female,Hyderabad,Yes,No,2023-03-10,51-65
CUST02479,59,Female,Hyderabad,No,Yes,2023-03-11,51-65
CUST02480,76,Female,Bangalore,Yes,No,2023-04-03,65+
CUST02481,70,Female,Hyderabad,No,Yes,2023-04-16,65+
CUST02482,41,Male,Hyderabad,Yes,No,2023-02-17,36-50
CUST02483,33,Male,Bangalore,No,No,2023-02-02,26-35
CUST02484,72,Male,Bangalore,Yes,Yes,2023-06-19,65+
CUST02485,78,Female,Chennai,No,Yes,2023-06-29,65+
CUST02486,55,Male,Hyderabad,Yes,No,2023-02-23,51-65
CUST02487,42,Male,Hyderabad,Yes,No,2023-04-12,36-50
CUST02488,39,Male,Bangalore,No,No,2023-01-25,36-50
CUST02489,52,Male,Hyderabad,Yes,No,2023-05-02,51-65
CUST02490,62,Male,Hyderabad,No,No,2023-01-07,51-65
CUST02491,47,Female,Chennai,No,No,2023-05-15,36-50
CUST02492,59,Male,Hyderabad,Yes,Yes,2023-01-27,51-65
CUST02493,54,Female,Bangalore,Yes,Yes,2023-06-08,51-65
CUST02494,61,Male,Hyderabad,No,No,2023-01-22,51-65
CUST02495,56,Female,Hyderabad,Yes,No,2023-03-21,51-65
CUST02496,43,Male,Bangalore,Yes,Yes,2023-03-05,36-50
CUST02497,41,Female,Hyderabad,Yes,Yes,2023-04-24,36-50
CUST02498,25,Male,Bangalore,No,No,2023-02-03,18-25
CUST02499,40,Male,Bangalore,No,No,2023-01-08,36-50
CUST02500,59,Male,Bangalore,Yes,No,2023-06-19,51-65
CUST02501,26,Female,Chennai,Yes,Yes,2023-03-25,26-35
CUST02502,49,Female,Chennai,No,No,2023-04-30,36-50
CUST02503,31,Female,Hyderabad,No,Yes,2023-05-21,26-35
CUST02504,50,Female,Hyderabad,Yes,No,2023-02-04,36-50
CUST02505,21,Male,Chennai,Yes,No,2023-06-01,18-25
CUST02506,47,Female,Hyderabad,Yes,Yes,2023-06-11,36-50
CUST02507,46,Female,Chennai,Yes,Yes,2023-05-15,36-50
CUST02508,66,Female,Bangalore,No,Yes,2023-03-30,65+
CUST02509,70,Female,Bangalore,Yes,Yes,2023-05-19,65+
CUST02510,42,Male,Hyderabad,No,No,2023-01-23,36-50
CUST02511,31,Female,Hyderabad,Yes,No,2023-03-20,26-35
CUST02512,55,Female,Bangalore,No,Yes,2023-04-16,51-65
CUST02513,42,Female,Chennai,Yes,No,2023-02-09,36-50
CUST02514,31,Female,Bangalore,Yes,Yes,2023-01-03,26-35
CUST02515,51,Male,Hyderabad,Yes,Yes,2023-05-14,51-65
CUST02516,76,Male,Bangalore,Yes,Yes,2023-03-30,65+
CUST02517,32,Female,Hyderabad,No,Yes,2023-05-01,26-35
CUST02518,57,Male,Hyderabad,Yes,Yes,2023-06-26,51-65
CUST02519,41,Female,Hyderabad,Yes,No,2023-05-03,36-50
CUST02520,51,Female,Hyderabad,Yes,Yes,2023-01-03,51-65
CUST02521,58,Female,Bangalore,Yes,No,2023-03-16,51-65
CUST02522,69,Male,Chennai,No,No,2023-01-02,65+
CUST02523,34,Female,Hyderabad,Yes,No,2023-02-18,26-35
CUST02524,59,Female,Hyderabad,Yes,Yes,2023-05-24,51-65
CUST02525,75,Female,Bangalore,No,No,2023-04-12,65+
CUST02526,77,Male,Bangalore,Yes,Yes,2023-02-11,65+
CUST02527,68,Female,Hyderabad,Yes,Yes,2023-04-07,65+
CUST02528,56,Male,Chennai,Yes,Yes,2023-03-09,51-65
CUST02529,46,Male,Bangalore,Yes,No,2023-04-19,36-50
CUST02530,53,Male,Hyderabad,Yes,No,2023-05-13,51-65
CUST02531,21,Female,Bangalore,Yes,Yes,2023-03-14,18-25
CUST02532,33,Female,Hyderabad,Yes,No,2023-04-16,26-35
CUST02533,57,Male,Bangalore,Yes,Yes,2023-01-18,51-65
CUST02534,44,Male,Hyderabad,Yes,Yes,2023-02-04,36-50
CUST02535,26,Female,Chennai,No,No,2023-01-29,26-35
CUST02536,35,Female,Chennai,Yes,Yes,2023-06-08,26-35
CUST02537,24,Female,Hyderabad,Yes,Yes,2023-03-11,18-25
CUST02538,79,Female,Hyderabad,Yes,Yes,2023-02-18,65+
CUST02539,52,Female,Bangalore,Yes,No,2023-01-05,51-65
CUST02540,37,Male,Bangalore,Yes,No,2023-01-13,36-50
CUST02541,49,Male,Hyderabad,Yes,Yes,2023-02-17,36-50
CUST02542,58,Male,Hyderabad,Yes,No,2023-03-14,51-65
CUST02543,50,Female,Hyderabad,Yes,No,2023-02-02,36-50
CUST02544,77,Female,Bangalore,No,Yes,2023-01-03,65+
CUST02545,52,Male,Hyderabad,Yes,No,2023-01-24,51-65
CUST02546,41,Male,Hyderabad,No,Yes,2023-01-04,36-50
CUST02547,32,Female,Hyderabad,Yes,No,2023-02-25,26-35
CUST02548,36,Female,Hyderabad,No,No,2023-04-18,36-50
CUST02549,50,Female,Chennai,Yes,No,2023-05-08,36-50
CUST02550,32,Female,Chennai,Yes,Yes,2023-04-29,26-35
CUST02551,69,Male,Bangalore,Yes,No,2023-03-26,65+
CUST02552,62,Male,Bangalore,Yes,No,2023-02-07,51-65
CUST02553,28,Male,Bangalore,Yes,No,2023-03-10,26-35
CUST02554,32,Female,Hyderabad,No,No,2023-01-19,26-35
CUST02555,66,Female,Hyderabad,No,No,2023-02-16,65+
CUST02556,55,Male,Hyderabad,Yes,Yes,2023-03-06,51-65
CUST02557,18,Female,Bangalore,Yes,Yes,2023-01-04,18-25
CUST02558,56,Male,Bangalore,No,No,2023-03-05,51-65
CUST02559,49,Female,Bangalore,No,No,2023-04-24,36-50
CUST02560,34,Male,Chennai,Yes,Yes,2023-01-09,26-35
CUST02561,38,Male,Hyderabad,Yes,No,2023-04-28,36-50
CUST02562,47,Male,Chennai,Yes,No,2023-05-14,36-50
CUST02563,50,Male,Hyderabad,No,No,2023-05-02,36-50
CUST02564,42,Female,Chennai,Yes,No,2023-06-24,36-50
CUST02565,26,Female,Chennai,Yes,No,2023-03-24,26-35
CUST02566,29,Male,Chennai,Yes,No,2023-06-11,26-35
CUST02567,23,Male,Hyderabad,Yes,Yes,2023-05-21,18-25
CUST02568,42,Male,Bangalore,Yes,No,2023-03-06,36-50
CUST02569,69,Female,Bangalore,Yes,Yes,2023-06-13,65+
CUST02570,18,Female,Chennai,Yes,No,2023-02-20,18-25
CUST02571,54,Female,Hyderabad,No,No,2023-01-14,51-65
CUST02572,53,Male,Hyderabad,No,Yes,2023-01-29,51-65
CUST02573,20,Male,Hyderabad,No,No,2023-06-12,18-25
CUST02574,41,Female,Hyderabad,No,No,2023-03-25,36-50
CUST02575,53,Male,Hyderabad,Yes,No,2023-02-12,51-65
CUST02576,33,Female,Hyderabad,Yes,Yes,2023-05-30,26-35
CUST02577,44,Male,Chennai,Yes,Yes,2023-04-12,36-50
CUST02578,64,Male,Chennai,No,No,2023-01-03,51-65
CUST02579,41,Male,Hyderabad,No,No,2023-05-29,36-50
CUST02580,47,Female,Hyderabad,Yes,Yes,2023-06-26,36-50
CUST02581,55,Male,Bangalore,Yes,Yes,2023-04-06,51-65
CUST02582,62,Male,Hyderabad,Yes,No,2023-03-05,51-65
CUST02583,24,Male,Bangalore,Yes,No,2023-05-08,18-25
CUST02584,39,Male,Bangalore,No,No,2023-06-25,36-50
CUST02585,33,Female,Hyderabad,No,No,2023-06-10,26-35
CUST02586,56,Male,Hyderabad,Yes,No,2023-01-16,51-65
CUST02587,47,Female,Bangalore,Yes,No,2023-06-15,36-50
CUST02588,52,Male,Hyderabad,Yes,Yes,2023-06-29,51-65
CUST02589,42,Male,Hyderabad,Yes,No,2023-02-02,36-50
CUST02590,52,Female,Chennai,Yes,Yes,2023-03-01,51-65
CUST02591,52,Female,Chennai,Yes,Yes,2023-05-23,51-65
CUST02592,28,Female,Hyderabad,No,Yes,2023-04-23,26-35
CUST02593,32,Male,Hyderabad,No,No,2023-01-06,26-35
CUST02594,59,Female,Hyderabad,Yes,No,2023-04-02,51-65
CUST02595,36,Male,Bangalore,Yes,No,2023-03-06,36-50
CUST02596,55,Male,Bangalore,Yes,Yes,2023-05-05,51-65
CUST02597,52,Female,Hyderabad,No,Yes,2023-05-24,51-65
CUST02598,49,Female,Hyderabad,No,No,2023-05-19,36-50
CUST02599,58,Female,Hyderabad,No,No,2023-02-18,51-65
CUST02600,49,Male,Hyderabad,Yes,No,2023-05-20,36-50
CUST02601,44,Female,Chennai,Yes,Yes,2023-03-24,36-50
CUST02602,21,Female,Hyderabad,Yes,No,2023-03-12,18-25
CUST02603,42,Male,Hyderabad,Yes,No,2023-01-18,36-50
CUST02604,51,Male,Bangalore,Yes,No,2023-04-26,51-65
CUST02605,24,Female,Bangalore,No,No,2023-03-09,18-25
CUST02606,50,Female,Chennai,Yes,No,2023-04-27,36-50
CUST02607,41,Male,Hyderabad,Yes,No,2023-06-13,36-50
CUST02608,44,Female,Hyderabad,Yes,Yes,2023-02-17,36-50
CUST02609,35,Male,Bangalore,Yes,Yes,2023-06-08,26-35
CUST02610,36,Female,Bangalore,Yes,No,2023-06-08,36-50
CUST02611,75,Male,Bangalore,Yes,No,2023-03-24,65+
CUST02612,62,Male,Bangalore,Yes,Yes,2023-06-18,51-65
CUST02613,60,Female,Hyderabad,Yes,Yes,2023-02-18,51-65
CUST02614,18,Female,Hyderabad,No,No,2023-05-22,18-25
CUST02615,25,Male,Bangalore,No,Yes,2023-06-06,18-25
CUST02616,48,Female,Chennai,Yes,Yes,2023-03-24,36-50
CUST02617,36,Female,Hyderabad,No,Yes,2023-06-14,36-50
CUST02618,56,Female,Bangalore,Yes,No,2023-01-29,51-65
CUST02619,57,Male,Hyderabad,No,No,2023-05-14,51-65
CUST02620,71,Male,Bangalore,Yes,No,2023-01-12,65+
CUST02621,29,Male,Chennai,Yes,No,2023-02-15,26-35
CUST02622,47,Male,Hyderabad,Yes,No,2023-02-21,36-50
CUST02623,40,Male,Chennai,Yes,Yes,2023-05-05,36-50
CUST02624,53,Male,Chennai,No,No,2023-01-26,51-65
CUST02625,34,Male,Chennai,No,No,2023-05-27,26-35
CUST02626,52,Female,Chennai,Yes,No,2023-06-18,51-65
CUST02627,27,Female,Hyderabad,Yes,No,2023-05-15,26-35
CUST02628,36,Female,Bangalore,No,No,2023-01-13,36-50
CUST02629,39,Female,Hyderabad,Yes,No,2023-02-26,36-50
CUST02630,46,Male,Hyderabad,Yes,No,2023-01-04,36-50
CUST02631,21,Male,Hyderabad,No,No,2023-06-17,18-25
CUST02632,44,Female,Chennai,Yes,Yes,2023-01-21,36-50
CUST02633,44,Female,Chennai,No,Yes,2023-06-13,36-50
CUST02634,38,Male,Chennai,No,No,2023-04-03,36-50
CUST02635,35,Female,Hyderabad,No,No,2023-04-05,26-35
CUST02636,44,Male,Chennai,No,Yes,2023-06-07,36-50
CUST02637,47,Female,Bangalore,No,Yes,2023-05-16,36-50
CUST02638,74,Male,Chennai,Yes,No,2023-01-19,65+
CUST02639,58,Female,Bangalore,Yes,Yes,2023-01-20,51-65
CUST02640,22,Male,Hyderabad,Yes,Yes,2023-05-13,18-25
CUST02641,61,Male,Bangalore,Yes,Yes,2023-01-26,51-65
CUST02642,59,Male,Bangalore,Yes,Yes,2023-05-17,51-65
CUST02643,63,Female,Chennai,Yes,No,2023-02-18,51-65
CUST02644,20,Male,Hyderabad,No,Yes,2023-05-15,18-25
CUST02645,25,Male,Bangalore,No,No,2023-05-26,18-25
CUST02646,37,Male,Bangalore,No,No,2023-05-23,36-50
CUST02647,24,Female,Chennai,Yes,No,2023-01-28,18-25
CUST02648,46,Female,Hyderabad,Yes,No,2023-06-22,36-50
CUST02649,29,Female,Hyderabad,Yes,No,2023-06-29,26-35
CUST02650,58,Female,Chennai,No,No,2023-01-27,51-65
CUST02651,64,Male,Hyderabad,Yes,Yes,2023-02-16,51-65
CUST02652,34,Female,Hyderabad,Yes,No,2023-05-10,26-35
CUST02653,22,Female,Hyderabad,Yes,Yes,2023-06-18,18-25
CUST02654,35,Male,Hyderabad,No,No,2023-05-17,26-35
CUST02655,29,Female,Chennai,No,Yes,2023-04-01,26-35
CUST02656,46,Female,Chennai,No,No,2023-05-21,36-50
CUST02657,40,Female,Chennai,Yes,Yes,2023-04-06,36-50
CUST02658,46,Female,Bangalore,No,Yes,2023-06-12,36-50
CUST02659,31,Female,Bangalore,Yes,No,2023-03-24,26-35
CUST02660,48,Male,Bangalore,No,Yes,2023-05-25,36-50
CUST02661,49,Male,Hyderabad,No,No,2023-04-07,36-50
CUST02662,27,Female,Bangalore,No,Yes,2023-04-03,26-35
CUST02663,53,Female,Hyderabad,Yes,Yes,2023-04-25,51-65
CUST02664,48,Female,Bangalore,No,No,2023-01-01,36-50
CUST02665,39,Male,Hyderabad,Yes,Yes,2023-03-14,36-50
CUST02666,40,Male,Hyderabad,Yes,Yes,2023-05-13,36-50
CUST02667,24,Male,Bangalore,Yes,No,2023-03-19,18-25
CUST02668,33,Male,Hyderabad,Yes,Yes,2023-03-18,26-35
CUST02669,34,Male,Hyderabad,Yes,Yes,2023-02-24,26-35
CUST02670,57,Female,Bangalore,No,No,2023-01-06,51-65
CUST02671,42,Female,Hyderabad,Yes,No,2023-05-22,36-50
CUST02672,54,Male,Bangalore,Yes,Yes,2023-01-25,51-65
CUST02673,29,Male,Bangalore,Yes,Yes,2023-04-28,26-35
CUST02674,54,Female,Hyderabad,Yes,Yes,2023-02-09,51-65
CUST02675,39,Male,Bangalore,Yes,No,2023-03-09,36-50
CUST02676,40,Female,Hyderabad,Yes,No,2023-05-30,36-50
CUST02677,50,Male,Chennai,No,No,2023-03-01,36-50
CUST02678,47,Female,Chennai,Yes,No,2023-03-18,36-50
CUST02679,46,Male,Hyderabad,No,Yes,2023-05-27,36-50
CUST02680,23,Female,Hyderabad,Yes,No,2023-05-26,18-25
CUST02681,73,Male,Hyderabad,Yes,No,2023-01-20,65+
CUST02682,52,Female,Hyderabad,Yes,Yes,2023-05-04,51-65
CUST02683,29,Male,Chennai,Yes,No,2023-05-05,26-35
CUST02684,36,Male,Bangalore,Yes,Yes,2023-06-02,36-50
CUST02685,23,Female,Bangalore,Yes,Yes,2023-01-10,18-25
CUST02686,55,Female,Hyderabad,Yes,Yes,2023-01-21,51-65
CUST02687,79,Male,Bangalore,Yes,Yes,2023-03-27,65+
CUST02688,79,Female,Bangalore,Yes,No,2023-04-22,65+
CUST02689,52,Female,Hyderabad,No,No,2023-01-31,51-65
CUST02690,54,Male,Hyderabad,No,Yes,2023-06-17,51-65
CUST02691,41,Male,Chennai,Yes,No,2023-06-12,36-50
CUST02692,53,Female,Hyderabad,Yes,No,2023-01-14,51-65
CUST02693,40,Female,Hyderabad,Yes,Yes,2023-05-15,36-50
CUST02694,36,Male,Hyderabad,Yes,No,2023-03-23,36-50
CUST02695,52,Male,Chennai,No,No,2023-03-25,51-65
CUST02696,32,Male,Chennai,No,Yes,2023-02-09,26-35
CUST02697,39,Male,Bangalore,No,No,2023-06-22,36-50
CUST02698,69,Female,Hyderabad,Yes,No,2023-04-25,65+
CUST02699,54,Male,Bangalore,No,Yes,2023-02-26,51-65
CUST02700,56,Female,Chennai,Yes,Yes,2023-03-16,51-65
CUST02701,47,Female,Bangalore,No,No,2023-02-07,36-50
CUST02702,79,Male,Hyderabad,Yes,No,2023-03-28,65+
CUST02703,34,Male,Bangalore,Yes,Yes,2023-05-02,26-35
CUST02704,27,Male,Bangalore,No,Yes,2023-05-21,26-35
CUST02705,52,Female,Bangalore,No,No,2023-03-09,51-65
CUST02706,19,Male,Hyderabad,No,No,2023-04-13,18-25
CUST02707,28,Female,Hyderabad,Yes,No,2023-06-28,26-35
CUST02708,49,Male,Bangalore,Yes,Yes,2023-02-04,36-50
CUST02709,42,Female,Hyderabad,Yes,Yes,2023-05-24,36-50
CUST02710,64,Male,Bangalore,No,Yes,2023-05-05,51-65
CUST02711,43,Female,Chennai,Yes,Yes,2023-06-16,36-50
CUST02712,41,Male,Hyderabad,Yes,Yes,2023-05-24,36-50
CUST02713,50,Male,Bangalore,Yes,No,2023-03-04,36-50
CUST02714,79,Male,Hyderabad,Yes,Yes,2023-03-10,65+
CUST02715,71,Female,Chennai,Yes,No,2023-03-24,65+
CUST02716,79,Male,Hyderabad,Yes,Yes,2023-01-29,65+
CUST02717,24,Female,Hyderabad,Yes,Yes,2023-04-19,18-25
CUST02718,41,Female,Hyderabad,Yes,Yes,2023-03-31,36-50
CUST02719,60,Male,Bangalore,Yes,Yes,2023-03-24,51-65
CUST02720,33,Female,Chennai,Yes,No,2023-06-02,26-35
CUST02721,68,Male,Chennai,Yes,No,2023-03-20,65+
CUST02722,64,Male,Bangalore,No,No,2023-03-31,51-65
CUST02723,31,Female,Hyderabad,Yes,No,2023-06-09,26-35
CUST02724,58,Male,Hyderabad,No,No,2023-04-23,51-65
CUST02725,27,Male,Bangalore,No,No,2023-03-01,26-35
CUST02726,65,Male,Hyderabad,Yes,Yes,2023-06-25,51-65
CUST02727,32,Female,Bangalore,No,Yes,2023-02-09,26-35
CUST02728,55,Male,Bangalore,No,No,2023-01-29,51-65
CUST02729,25,Male,Chennai,Yes,No,2023-03-04,18-25
CUST02730,36,Male,Hyderabad,Yes,Yes,2023-03-15,36-50
CUST02731,29,Male,Hyderabad,Yes,No,2023-03-29,26-35
CUST02732,53,Male,Hyderabad,No,Yes,2023-03-20,51-65
CUST02733,72,Female,Bangalore,Yes,No,2023-05-01,65+
CUST02734,43,Male,Hyderabad,Yes,Yes,2023-03-26,36-50
CUST02735,65,Male,Bangalore,Yes,No,2023-05-18,51-65
CUST02736,32,Male,Hyderabad,No,No,2023-02-22,26-35
CUST02737,20,Female,Hyderabad,No,Yes,2023-05-21,18-25
CUST02738,25,Female,Chennai,No,No,2023-06-09,18-25
CUST02739,40,Male,Hyderabad,Yes,No,2023-06-27,36-50
CUST02740,34,Male,Hyderabad,No,Yes,2023-04-07,26-35
CUST02741,26,Male,Hyderabad,Yes,No,2023-03-07,26-35
CUST02742,57,Male,Bangalore,Yes,No,2023-01-16,51-65
CUST02743,23,Female,Bangalore,No,No,2023-02-21,18-25
CUST02744,42,Female,Bangalore,Yes,Yes,2023-01-14,36-50
CUST02745,19,Female,Hyderabad,No,No,2023-06-17,18-25
CUST02746,61,Male,Hyderabad,No,No,2023-01-18,51-65
CUST02747,66,Female,Hyderabad,No,No,2023-06-19,65+
CUST02748,28,Female,Bangalore,No,No,2023-06-19,26-35
CUST02749,51,Female,Bangalore,No,No,2023-01-28,51-65
CUST02750,19,Male,Bangalore,No,No,2023-03-16,18-25
CUST02751,72,Female,Bangalore,No,No,2023-03-01,65+
CUST02752,67,Female,Bangalore,No,Yes,2023-05-11,65+
CUST02753,48,Male,Hyderabad,No,Yes,2023-03-22,36-50
CUST02754,55,Female,Hyderabad,No,No,2023-06-02,51-65
CUST02755,41,Male,Chennai,Yes,No,2023-02-17,36-50
CUST02756,35,Male,Hyderabad,No,No,2023-05-09,26-35
CUST02757,25,Female,Hyderabad,Yes,No,2023-05-24,18-25
CUST02758,31,Male,Chennai,Yes,No,2023-01-11,26-35
CUST02759,51,Male,Chennai,No,Yes,2023-05-16,51-65
CUST02760,39,Female,Bangalore,Yes,No,2023-03-27,36-50
CUST02761,40,Female,Hyderabad,Yes,Yes,2023-04-11,36-50
CUST02762,46,Male,Hyderabad,No,No,2023-01-05,36-50
CUST02763,73,Female,Bangalore,Yes,Yes,2023-06-25,65+
CUST02764,62,Female,Chennai,Yes,Yes,2023-04-01,51-65
CUST02765,37,Female,Chennai,Yes,No,2023-03-02,36-50
CUST02766,44,Female,Hyderabad,No,Yes,2023-01-16,36-50
CUST02767,42,Female,Hyderabad,Yes,Yes,2023-04-10,36-50
CUST02768,36,Male,Hyderabad,Yes,Yes,2023-05-23,36-50
CUST02769,20,Female,Chennai,Yes,No,2023-02-27,18-25
CUST02770,76,Male,Hyderabad,Yes,Yes,2023-03-29,65+
CUST02771,46,Female,Bangalore,No,No,2023-06-18,36-50
CUST02772,22,Male,Chennai,Yes,No,2023-01-23,18-25
CUST02773,18,Female,Hyderabad,Yes,No,2023-05-14,18-25
CUST02774,36,Male,Bangalore,Yes,No,2023-04-17,36-50
CUST02775,37,Male,Hyderabad,No,Yes,2023-05-27,36-50
CUST02776,67,Male,Hyderabad,No,Yes,2023-04-20,65+
CUST02777,79,Female,Bangalore,No,No,2023-06-04,65+
CUST02778,28,Female,Hyderabad,No,No,2023-04-25,26-35
CUST02779,43,Male,Chennai,Yes,Yes,2023-02-22,36-50
CUST02780,49,Male,Bangalore,Yes,Yes,2023-05-29,36-50
CUST02781,61,Male,Hyderabad,No,No,2023-02-05,51-65
CUST02782,58,Female,Bangalore,Yes,Yes,2023-06-26,51-65
CUST02783,61,Male,Hyderabad,No,Yes,2023-04-21,51-65
CUST02784,34,Male,Chennai,No,Yes,2023-06-17,26-35
CUST02785,76,Male,Hyderabad,Yes,No,2023-03-23,65+
CUST02786,36,Male,Hyderabad,No,No,2023-05-23,36-50
CUST02787,41,Male,Chennai,No,No,2023-02-17,36-50
CUST02788,25,Female,Hyderabad,Yes,No,2023-02-07,18-25
CUST02789,71,Male,Chennai,No,No,2023-03-23,65+
CUST02790,46,Female,Bangalore,No,Yes,2023-04-16,36-50
CUST02791,23,Female,Hyderabad,No,Yes,2023-04-24,18-25
CUST02792,46,Female,Hyderabad,Yes,No,2023-02-08,36-50
CUST02793,43,Male,Hyderabad,Yes,Yes,2023-01-28,36-50
CUST02794,25,Male,Hyderabad,No,Yes,2023-02-17,18-25
CUST02795,50,Male,Bangalore,Yes,Yes,2023-06-06,36-50
CUST02796,79,Female,Bangalore,No,Yes,2023-06-05,65+
CUST02797,42,Male,Hyderabad,No,No,2023-06-02,36-50
CUST02798,24,Male,Hyderabad,Yes,No,2023-03-01,18-25
CUST02799,22,Male,Bangalore,No,Yes,2023-04-02,18-25
CUST02800,52,Male,Bangalore,Yes,Yes,2023-06-26,51-65
CUST02801,22,Female,Chennai,Yes,No,2023-02-04,18-25
CUST02802,59,Female,Hyderabad,Yes,Yes,2023-06-16,51-65
CUST02803,24,Female,Chennai,No,No,2023-02-17,18-25
CUST02804,58,Female,Hyderabad,Yes,Yes,2023-05-06,51-65
CUST02805,54,Female,Hyderabad,Yes,No,2023-02-05,51-65
CUST02806,66,Male,Chennai,No,Yes,2023-02-19,65+
CUST02807,43,Male,Bangalore,No,No,2023-01-09,36-50
CUST02808,20,Female,Hyderabad,Yes,No,2023-01-04,18-25
CUST02809,59,Female,Chennai,Yes,No,2023-04-16,51-65
CUST02810,28,Male,Bangalore,Yes,Yes,2023-06-21,26-35
CUST02811,59,Male,Hyderabad,No,No,2023-02-22,51-65
CUST02812,58,Male,Hyderabad,Yes,Yes,2023-02-15,51-65
CUST02813,51,Female,Hyderabad,No,Yes,2023-06-07,51-65
CUST02814,32,Female,Bangalore,Yes,No,2023-06-26,26-35
CUST02815,20,Female,Chennai,No,No,2023-04-28,18-25
CUST02816,50,Male,Bangalore,No,No,2023-04-20,36-50
CUST02817,67,Female,Chennai,No,No,2023-01-11,65+
CUST02818,33,Female,Hyderabad,Yes,Yes,2023-03-22,26-35
CUST02819,63,Female,Hyderabad,No,Yes,2023-06-06,51-65
CUST02820,32,Male,Bangalore,Yes,No,2023-05-14,26-35
CUST02821,59,Male,Hyderabad,No,No,2023-04-26,51-65
CUST02822,19,Female,Chennai,Yes,Yes,2023-01-11,18-25
CUST02823,39,Male,Hyderabad,No,Yes,2023-05-13,36-50
CUST02824,43,Female,Bangalore,Yes,Yes,2023-01-11,36-50
CUST02825,22,Female,Chennai,Yes,Yes,2023-05-13,18-25
CUST02826,32,Male,Hyderabad,No,No,2023-02-18,26-35
CUST02827,71,Female,Hyderabad,Yes,Yes,2023-04-23,65+
CUST02828,50,Female,Hyderabad,No,No,2023-03-19,36-50
CUST02829,78,Female,Hyderabad,Yes,No,2023-04-29,65+
CUST02830,34,Male,Hyderabad,Yes,Yes,2023-04-19,26-35
CUST02831,63,Female,Hyderabad,Yes,No,2023-06-06,51-65
CUST02832,71,Male,Hyderabad,Yes,Yes,2023-06-26,65+
CUST02833,43,Male,Hyderabad,No,No,2023-04-29,36-50
CUST02834,59,Female,Hyderabad,Yes,No,2023-01-24,51-65
CUST02835,70,Male,Chennai,Yes,Yes,2023-02-16,65+
CUST02836,48,Male,Chennai,Yes,Yes,2023-04-11,36-50
CUST02837,46,Female,Hyderabad,Yes,No,2023-03-24,36-50
CUST02838,34,Female,Hyderabad,Yes,No,2023-01-07,26-35
CUST02839,39,Male,Bangalore,No,No,2023-04-27,36-50
CUST02840,47,Male,Hyderabad,Yes,Yes,2023-04-27,36-50
CUST02841,47,Male,Hyderabad,Yes,Yes,2023-03-06,36-50
CUST02842,55,Female,Hyderabad,Yes,Yes,2023-06-27,51-65
CUST02843,74,Male,Bangalore,Yes,No,2023-02-01,65+
CUST02844,66,Male,Bangalore,Yes,Yes,2023-01-30,65+
CUST02845,62,Female,Hyderabad,Yes,No,2023-06-12,51-65
CUST02846,60,Female,Bangalore,Yes,No,2023-01-22,51-65
CUST02847,58,Female,Chennai,Yes,No,2023-05-11,51-65
CUST02848,39,Male,Hyderabad,Yes,No,2023-04-07,36-50
CUST02849,24,Female,Bangalore,Yes,No,2023-01-12,18-25
CUST02850,65,Male,Hyderabad,Yes,Yes,2023-03-27,51-65
CUST02851,76,Male,Hyderabad,Yes,No,2023-02-11,65+
CUST02852,61,Male,Hyderabad,Yes,Yes,2023-02-15,51-65
CUST02853,32,Male,Chennai,Yes,Yes,2023-04-18,26-35
CUST02854,56,Female,Hyderabad,Yes,No,2023-03-21,51-65
CUST02855,50,Female,Bangalore,No,Yes,2023-03-15,36-50
CUST02856,67,Male,Hyderabad,Yes,No,2023-01-31,65+
CUST02857,42,Male,Bangalore,Yes,Yes,2023-02-21,36-50
CUST02858,19,Male,Hyderabad,No,Yes,2023-06-09,18-25
CUST02859,43,Female,Hyderabad,Yes,Yes,2023-01-04,36-50
CUST02860,25,Female,Hyderabad,Yes,No,2023-05-08,18-25
CUST02861,21,Female,Chennai,No,Yes,2023-05-20,18-25
CUST02862,64,Male,Hyderabad,Yes,No,2023-06-05,51-65
CUST02863,50,Female,Chennai,No,Yes,2023-03-02,36-50
CUST02864,34,Male,Bangalore,Yes,No,2023-05-31,26-35
CUST02865,36,Female,Bangalore,Yes,Yes,2023-04-27,36-50
CUST02866,64,Female,Hyderabad,Yes,Yes,2023-04-24,51-65
CUST02867,72,Male,Chennai,No,Yes,2023-06-03,65+
CUST02868,47,Male,Chennai,Yes,No,2023-03-04,36-50
CUST02869,27,Female,Bangalore,Yes,No,2023-06-08,26-35
CUST02870,59,Male,Hyderabad,Yes,No,2023-01-13,51-65
CUST02871,38,Male,Bangalore,Yes,No,2023-02-07,36-50
CUST02872,44,Male,Chennai,Yes,Yes,2023-06-17,36-50
CUST02873,32,Female,Hyderabad,No,Yes,2023-01-10,26-35
CUST02874,40,Male,Bangalore,Yes,No,2023-01-09,36-50
CUST02875,47,Female,Hyderabad,Yes,No,2023-03-26,36-50
CUST02876,65,Male,Bangalore,Yes,No,2023-01-13,51-65
CUST02877,41,Male,Bangalore,Yes,No,2023-04-17,36-50
CUST02878,49,Male,Chennai,Yes,Yes,2023-02-11,36-50
CUST02879,39,Female,Chennai,No,No,2023-06-06,36-50
CUST02880,64,Male,Bangalore,Yes,Yes,2023-04-27,51-65
CUST02881,58,Female,Chennai,Yes,No,2023-01-10,51-65
CUST02882,52,Male,Chennai,Yes,Yes,2023-03-18,51-65
CUST02883,59,Female,Bangalore,Yes,No,2023-04-05,51-65
CUST02884,43,Female,Bangalore,Yes,Yes,2023-01-18,36-50
CUST02885,37,Female,Chennai,Yes,Yes,2023-05-21,36-50
CUST02886,49,Male,Hyderabad,Yes,Yes,2023-03-16,36-50
CUST02887,49,Female,Bangalore,Yes,No,2023-02-04,36-50
CUST02888,79,Male,Bangalore,Yes,Yes,2023-06-27,65+
CUST02889,53,Female,Chennai,Yes,No,2023-03-26,51-65
CUST02890,35,Female,Hyderabad,Yes,No,2023-05-15,26-35
CUST02891,63,Male,Bangalore,Yes,No,2023-06-28,51-65
CUST02892,48,Male,Bangalore,No,Yes,2023-06-06,36-50
CUST02893,23,Male,Chennai,Yes,Yes,2023-01-28,18-25
CUST02894,43,Male,Chennai,Yes,No,2023-05-04,36-50
CUST02895,63,Female,Bangalore,Yes,Yes,2023-04-20,51-65
CUST02896,29,Female,Chennai,Yes,No,2023-03-08,26-35
CUST02897,56,Female,Hyderabad,Yes,Yes,2023-02-03,51-65
CUST02898,79,Female,Hyderabad,Yes,Yes,2023-05-14,65+
CUST02899,26,Female,Bangalore,Yes,Yes,2023-05-07,26-35
CUST02900,24,Male,Hyderabad,Yes,No,2023-06-06,18-25
CUST02901,34,Male,Hyderabad,No,No,2023-03-16,26-35
CUST02902,41,Male,Chennai,Yes,No,2023-01-01,36-50
CUST02903,70,Male,Hyderabad,No,Yes,2023-01-07,65+
CUST02904,39,Female,Chennai,Yes,Yes,2023-06-10,36-50
CUST02905,52,Male,Bangalore,No,Yes,2023-02-23,51-65
CUST02906,60,Female,Hyderabad,Yes,Yes,2023-04-16,51-65
CUST02907,72,Male,Bangalore,Yes,No,2023-03-27,65+
CUST02908,39,Female,Chennai,No,Yes,2023-05-24,36-50
CUST02909,65,Male,Hyderabad,No,No,2023-01-03,51-65
CUST02910,18,Male,Hyderabad,No,Yes,2023-06-26,18-25
CUST02911,59,Female,Chennai,Yes,No,2023-03-07,51-65
CUST02912,44,Male,Bangalore,Yes,No,2023-03-20,36-50
CUST02913,32,Female,Bangalore,Yes,Yes,2023-05-10,26-35
CUST02914,35,Female,Hyderabad,Yes,Yes,2023-01-02,26-35
CUST02915,52,Male,Bangalore,No,No,2023-06-25,51-65
CUST02916,72,Female,Hyderabad,No,No,2023-03-29,65+
CUST02917,56,Female,Bangalore,Yes,No,2023-05-26,51-65
CUST02918,73,Male,Hyderabad,Yes,No,2023-02-14,65+
CUST02919,39,Male,Chennai,Yes,Yes,2023-03-26,36-50
CUST02920,53,Female,Bangalore,Yes,No,2023-06-22,51-65
CUST02921,44,Female,Hyderabad,Yes,No,2023-05-02,36-50
CUST02922,69,Male,Hyderabad,No,No,2023-06-15,65+
CUST02923,61,Male,Chennai,Yes,Yes,2023-05-04,51-65
CUST02924,18,Male,Hyderabad,Yes,Yes,2023-06-10,18-25
CUST02925,39,Female,Bangalore,Yes,No,2023-05-18,36-50
CUST02926,66,Female,Hyderabad,No,No,2023-04-29,65+
CUST02927,39,Female,Hyderabad,Yes,Yes,2023-01-15,36-50
CUST02928,41,Female,Bangalore,Yes,No,2023-05-25,36-50
CUST02929,60,Female,Chennai,No,Yes,2023-05-23,51-65
CUST02930,55,Male,Bangalore,Yes,Yes,2023-02-23,51-65
CUST02931,43,Female,Hyderabad,Yes,No,2023-04-01,36-50
CUST02932,64,Male,Bangalore,Yes,Yes,2023-02-08,51-65
CUST02933,48,Female,Chennai,No,No,2023-01-08,36-50
CUST02934,35,Female,Chennai,Yes,Yes,2023-04-07,26-35
CUST02935,42,Male,Chennai,Yes,No,2023-05-27,36-50
CUST02936,37,Female,Bangalore,Yes,No,2023-02-17,36-50
CUST02937,32,Male,Hyderabad,No,No,2023-03-20,26-35
CUST02938,54,Female,Bangalore,No,Yes,2023-01-09,51-65
CUST02939,33,Female,Hyderabad,Yes,Yes,2023-04-16,26-35
CUST02940,56,Male,Chennai,No,No,2023-05-08,51-65
CUST02941,48,Male,Hyderabad,No,Yes,2023-04-06,36-50
CUST02942,44,Female,Chennai,No,Yes,2023-03-19,36-50
CUST02943,57,Male,Bangalore,No,Yes,2023-05-15,51-65
CUST02944,38,Female,Bangalore,Yes,Yes,2023-02-14,36-50
CUST02945,19,Male,Hyderabad,No,Yes,2023-04-06,18-25
CUST02946,69,Male,Chennai,No,Yes,2023-02-21,65+
CUST02947,51,Male,Hyderabad,No,No,2023-04-24,51-65
CUST02948,55,Male,Bangalore,No,Yes,2023-05-04,51-65
CUST02949,34,Male,Bangalore,No,Yes,2023-02-18,26-35
CUST02950,56,Female,Chennai,Yes,Yes,2023-05-04,51-65
CUST02951,52,Female,Bangalore,Yes,No,2023-03-25,51-65
CUST02952,43,Male,Hyderabad,No,Yes,2023-01-26,36-50
CUST02953,36,Male,Bangalore,No,Yes,2023-02-22,36-50
CUST02954,53,Male,Hyderabad,Yes,No,2023-04-28,51-65
CUST02955,50,Female,Bangalore,Yes,Yes,2023-05-14,36-50
CUST02956,41,Male,Hyderabad,Yes,Yes,2023-01-02,36-50
CUST02957,25,Female,Chennai,Yes,Yes,2023-01-12,18-25
CUST02958,47,Male,Hyderabad,No,No,2023-03-27,36-50
CUST02959,40,Female,Hyderabad,No,Yes,2023-01-12,36-50
CUST02960,58,Male,Chennai,Yes,No,2023-05-14,51-65
CUST02961,61,Female,Bangalore,Yes,Yes,2023-01-06,51-65
CUST02962,54,Female,Hyderabad,Yes,Yes,2023-06-13,51-65
CUST02963,75,Male,Hyderabad,Yes,No,2023-03-24,65+
CUST02964,28,Male,Hyderabad,No,No,2023-02-19,26-35
CUST02965,56,Female,Hyderabad,No,Yes,2023-03-12,51-65
CUST02966,65,Female,Hyderabad,Yes,No,2023-04-23,51-65
CUST02967,44,Male,Hyderabad,Yes,Yes,2023-03-11,36-50
CUST02968,66,Male,Hyderabad,Yes,No,2023-02-10,65+
CUST02969,33,Female,Chennai,No,No,2023-01-30,26-35
CUST02970,52,Male,Hyderabad,No,Yes,2023-06-09,51-65
CUST02971,52,Male,Bangalore,Yes,No,2023-02-22,51-65
CUST02972,53,Female,Chennai,Yes,Yes,2023-05-21,51-65
CUST02973,43,Female,Hyderabad,Yes,Yes,2023-03-11,36-50
CUST02974,42,Male,Hyderabad,Yes,No,2023-06-30,36-50
CUST02975,35,Female,Hyderabad,Yes,No,2023-05-27,26-35
CUST02976,66,Male,Chennai,No,Yes,2023-02-13,65+
CUST02977,47,Male,Chennai,Yes,No,2023-03-21,36-50
CUST02978,51,Female,Bangalore,Yes,No,2023-05-19,51-65
CUST02979,55,Female,Hyderabad,Yes,Yes,2023-01-13,51-65
CUST02980,78,Male,Hyderabad,Yes,No,2023-01-08,65+
CUST02981,59,Female,Hyderabad,Yes,No,2023-06-22,51-65
CUST02982,22,Male,Bangalore,Yes,No,2023-01-28,18-25
CUST02983,62,Female,Hyderabad,Yes,Yes,2023-01-14,51-65
CUST02984,57,Male,Hyderabad,Yes,Yes,2023-04-20,51-65
CUST02985,65,Female,Bangalore,Yes,Yes,2023-02-15,51-65
CUST02986,38,Female,Hyderabad,Yes,Yes,2023-06-07,36-50
CUST02987,64,Female,Bangalore,No,No,2023-03-21,51-65
CUST02988,43,Female,Hyderabad,No,No,2023-02-20,36-50
CUST02989,20,Male,Chennai,Yes,Yes,2023-04-30,18-25
CUST02990,66,Male,Chennai,Yes,Yes,2023-01-24,65+
CUST02991,79,Female,Hyderabad,Yes,Yes,2023-01-25,65+
CUST02992,41,Female,Hyderabad,Yes,No,2023-03-21,36-50
CUST02993,48,Female,Hyderabad,Yes,No,2023-05-01,36-50
CUST02994,70,Male,Hyderabad,Yes,No,2023-02-27,65+
CUST02995,59,Male,Hyderabad,Yes,Yes,2023-06-07,51-65
CUST02996,29,Female,Hyderabad,No,No,2023-04-04,26-35
CUST02997,52,Female,Chennai,Yes,No,2023-02-16,51-65
CUST02998,43,Female,Hyderabad,Yes,No,2023-03-25,36-50
CUST02999,32,Female,Hyderabad,Yes,Yes,2023-05-05,26-35
CUST03000,79,Male,Hyderabad,Yes,Yes,2023-01-17,65+
